date,sha,action,similarity,scope,type,fullName,oldPath,newPath,newType,newName,renameEvidence,state,currentPaths,production
"2026-10-08T06:08:04+02:00","4782dc2baaf652ebd354ee2ae5a8f93fe2ff8c98","Endra filnamn (Git-heuristikk)","080","force-app","ApexClass","AAREG_CheckObjectTypeNamingTest","force-app/utility/classes/AAREG_CheckObjectTypeNamingTest.cls-meta.xml","force-app/integration/common/classes/IntegrationLogRedactor.cls-meta.xml","ApexClass","IntegrationLogRedactor","Berre metadata-sidefil; mogleg feilkopling","Ikkje i main; sjekk org","","Ikkje undersøkt"
"2026-10-08T06:08:04+02:00","4782dc2baaf652ebd354ee2ae5a8f93fe2ff8c98","Sletta","","force-app","ApexClass","AAREG_CheckObjectTypeNamingTest","force-app/utility/classes/AAREG_CheckObjectTypeNamingTest.cls","","","","","Ikkje i main; sjekk org","","Ikkje undersøkt"
"2026-08-13T13:58:50+02:00","013d87da8726ed1791266b39acad125587a12714","Flytta (same filnamn)","100","force-app","LightningComponentBundle","linkPanel","force-app/main/default/lwc/linkPanel/linkPanel.html","force-app/externalAccess/lwc/linkPanel/linkPanel.html","LightningComponentBundle","linkPanel","Git-heuristikk; ikkje API-verifisert","Komponenten finst i main (flytta/gjenoppretta/delvis sletta)","force-app/externalAccess/lwc/linkPanel/linkPanel.html | force-app/externalAccess/lwc/linkPanel/linkPanel.js | force-app/externalAccess/lwc/linkPanel/linkPanel.js-meta.xml | force-app/main/default/lwc/linkPanel/linkPanel.html | force-app/main/default/lwc/linkPanel/linkPanel.js","Ikkje undersøkt"
"2026-08-13T13:58:50+02:00","013d87da8726ed1791266b39acad125587a12714","Flytta (same filnamn)","100","force-app","LightningComponentBundle","linkPanel","force-app/main/default/lwc/linkPanel/linkPanel.js","force-app/externalAccess/lwc/linkPanel/linkPanel.js","LightningComponentBundle","linkPanel","Git-heuristikk; ikkje API-verifisert","Komponenten finst i main (flytta/gjenoppretta/delvis sletta)","force-app/externalAccess/lwc/linkPanel/linkPanel.html | force-app/externalAccess/lwc/linkPanel/linkPanel.js | force-app/externalAccess/lwc/linkPanel/linkPanel.js-meta.xml | force-app/main/default/lwc/linkPanel/linkPanel.html | force-app/main/default/lwc/linkPanel/linkPanel.js","Ikkje undersøkt"
"2026-08-13T13:58:50+02:00","013d87da8726ed1791266b39acad125587a12714","Flytta (same filnamn)","100","force-app","LightningComponentBundle","linkPanel","force-app/main/default/lwc/linkPanel/linkPanel.js-meta.xml","force-app/externalAccess/lwc/linkPanel/linkPanel.js-meta.xml","LightningComponentBundle","linkPanel","Git-heuristikk; ikkje API-verifisert","Komponenten finst i main (flytta/gjenoppretta/delvis sletta)","force-app/externalAccess/lwc/linkPanel/linkPanel.html | force-app/externalAccess/lwc/linkPanel/linkPanel.js | force-app/externalAccess/lwc/linkPanel/linkPanel.js-meta.xml | force-app/main/default/lwc/linkPanel/linkPanel.html | force-app/main/default/lwc/linkPanel/linkPanel.js","Ikkje undersøkt"
"2026-08-13T13:00:32+02:00","0d01fa9fbdce76ccfddff6c12392230e5860b86f","Flytta (same filnamn)","100","force-app","LightningComponentBundle","aareg_home","force-app/main/default/lwc/aareg_home/aareg_home.css","force-app/externalAccess/lwc/aareg_home/aareg_home.css","LightningComponentBundle","aareg_home","Git-heuristikk; ikkje API-verifisert","Komponenten finst i main (flytta/gjenoppretta/delvis sletta)","force-app/externalAccess/lwc/aareg_home/aareg_home.css | force-app/externalAccess/lwc/aareg_home/aareg_home.html | force-app/externalAccess/lwc/aareg_home/aareg_home.js | force-app/externalAccess/lwc/aareg_home/aareg_home.js-meta.xml","Ikkje undersøkt"
"2026-08-13T13:00:32+02:00","0d01fa9fbdce76ccfddff6c12392230e5860b86f","Flytta (same filnamn)","100","force-app","LightningComponentBundle","aareg_home","force-app/main/default/lwc/aareg_home/aareg_home.html","force-app/externalAccess/lwc/aareg_home/aareg_home.html","LightningComponentBundle","aareg_home","Git-heuristikk; ikkje API-verifisert","Komponenten finst i main (flytta/gjenoppretta/delvis sletta)","force-app/externalAccess/lwc/aareg_home/aareg_home.css | force-app/externalAccess/lwc/aareg_home/aareg_home.html | force-app/externalAccess/lwc/aareg_home/aareg_home.js | force-app/externalAccess/lwc/aareg_home/aareg_home.js-meta.xml","Ikkje undersøkt"
"2026-08-13T13:00:32+02:00","0d01fa9fbdce76ccfddff6c12392230e5860b86f","Flytta (same filnamn)","100","force-app","LightningComponentBundle","aareg_home","force-app/main/default/lwc/aareg_home/aareg_home.js","force-app/externalAccess/lwc/aareg_home/aareg_home.js","LightningComponentBundle","aareg_home","Git-heuristikk; ikkje API-verifisert","Komponenten finst i main (flytta/gjenoppretta/delvis sletta)","force-app/externalAccess/lwc/aareg_home/aareg_home.css | force-app/externalAccess/lwc/aareg_home/aareg_home.html | force-app/externalAccess/lwc/aareg_home/aareg_home.js | force-app/externalAccess/lwc/aareg_home/aareg_home.js-meta.xml","Ikkje undersøkt"
"2026-08-13T13:00:32+02:00","0d01fa9fbdce76ccfddff6c12392230e5860b86f","Flytta (same filnamn)","100","force-app","LightningComponentBundle","aareg_home","force-app/main/default/lwc/aareg_home/aareg_home.js-meta.xml","force-app/externalAccess/lwc/aareg_home/aareg_home.js-meta.xml","LightningComponentBundle","aareg_home","Git-heuristikk; ikkje API-verifisert","Komponenten finst i main (flytta/gjenoppretta/delvis sletta)","force-app/externalAccess/lwc/aareg_home/aareg_home.css | force-app/externalAccess/lwc/aareg_home/aareg_home.html | force-app/externalAccess/lwc/aareg_home/aareg_home.js | force-app/externalAccess/lwc/aareg_home/aareg_home.js-meta.xml","Ikkje undersøkt"
"2026-08-13T13:00:32+02:00","0d01fa9fbdce76ccfddff6c12392230e5860b86f","Flytta (same filnamn)","100","force-app","LightningComponentBundle","aareg_missingAccess","force-app/main/default/lwc/aareg_missingAccess/aareg_missingAccess.css","force-app/externalAccess/lwc/aareg_missingAccess/aareg_missingAccess.css","LightningComponentBundle","aareg_missingAccess","Git-heuristikk; ikkje API-verifisert","Komponenten finst i main (flytta/gjenoppretta/delvis sletta)","force-app/externalAccess/lwc/aareg_missingAccess/aareg_missingAccess.css | force-app/externalAccess/lwc/aareg_missingAccess/aareg_missingAccess.html | force-app/externalAccess/lwc/aareg_missingAccess/aareg_missingAccess.js | force-app/externalAccess/lwc/aareg_missingAccess/aareg_missingAccess.js-meta.xml","Ikkje undersøkt"
"2026-08-13T13:00:32+02:00","0d01fa9fbdce76ccfddff6c12392230e5860b86f","Flytta (same filnamn)","100","force-app","LightningComponentBundle","aareg_missingAccess","force-app/main/default/lwc/aareg_missingAccess/aareg_missingAccess.html","force-app/externalAccess/lwc/aareg_missingAccess/aareg_missingAccess.html","LightningComponentBundle","aareg_missingAccess","Git-heuristikk; ikkje API-verifisert","Komponenten finst i main (flytta/gjenoppretta/delvis sletta)","force-app/externalAccess/lwc/aareg_missingAccess/aareg_missingAccess.css | force-app/externalAccess/lwc/aareg_missingAccess/aareg_missingAccess.html | force-app/externalAccess/lwc/aareg_missingAccess/aareg_missingAccess.js | force-app/externalAccess/lwc/aareg_missingAccess/aareg_missingAccess.js-meta.xml","Ikkje undersøkt"
"2026-08-13T13:00:32+02:00","0d01fa9fbdce76ccfddff6c12392230e5860b86f","Flytta (same filnamn)","100","force-app","LightningComponentBundle","aareg_missingAccess","force-app/main/default/lwc/aareg_missingAccess/aareg_missingAccess.js","force-app/externalAccess/lwc/aareg_missingAccess/aareg_missingAccess.js","LightningComponentBundle","aareg_missingAccess","Git-heuristikk; ikkje API-verifisert","Komponenten finst i main (flytta/gjenoppretta/delvis sletta)","force-app/externalAccess/lwc/aareg_missingAccess/aareg_missingAccess.css | force-app/externalAccess/lwc/aareg_missingAccess/aareg_missingAccess.html | force-app/externalAccess/lwc/aareg_missingAccess/aareg_missingAccess.js | force-app/externalAccess/lwc/aareg_missingAccess/aareg_missingAccess.js-meta.xml","Ikkje undersøkt"
"2026-08-13T13:00:32+02:00","0d01fa9fbdce76ccfddff6c12392230e5860b86f","Flytta (same filnamn)","100","force-app","LightningComponentBundle","aareg_missingAccess","force-app/main/default/lwc/aareg_missingAccess/aareg_missingAccess.js-meta.xml","force-app/externalAccess/lwc/aareg_missingAccess/aareg_missingAccess.js-meta.xml","LightningComponentBundle","aareg_missingAccess","Git-heuristikk; ikkje API-verifisert","Komponenten finst i main (flytta/gjenoppretta/delvis sletta)","force-app/externalAccess/lwc/aareg_missingAccess/aareg_missingAccess.css | force-app/externalAccess/lwc/aareg_missingAccess/aareg_missingAccess.html | force-app/externalAccess/lwc/aareg_missingAccess/aareg_missingAccess.js | force-app/externalAccess/lwc/aareg_missingAccess/aareg_missingAccess.js-meta.xml","Ikkje undersøkt"
"2026-08-13T13:00:32+02:00","0d01fa9fbdce76ccfddff6c12392230e5860b86f","Flytta (same filnamn)","100","force-app","LightningComponentBundle","aareg_agreement","force-app/main/default/lwc/aareg_agreement/aareg_agreement.css","force-app/externalAgreement/lwc/aareg_agreement/aareg_agreement.css","LightningComponentBundle","aareg_agreement","Git-heuristikk; ikkje API-verifisert","Komponenten finst i main (flytta/gjenoppretta/delvis sletta)","force-app/externalAgreement/lwc/aareg_agreement/aareg_agreement.css | force-app/externalAgreement/lwc/aareg_agreement/aareg_agreement.html | force-app/externalAgreement/lwc/aareg_agreement/aareg_agreement.js | force-app/externalAgreement/lwc/aareg_agreement/aareg_agreement.js-meta.xml","Ikkje undersøkt"
"2026-08-13T13:00:32+02:00","0d01fa9fbdce76ccfddff6c12392230e5860b86f","Flytta (same filnamn)","100","force-app","LightningComponentBundle","aareg_agreement","force-app/main/default/lwc/aareg_agreement/aareg_agreement.html","force-app/externalAgreement/lwc/aareg_agreement/aareg_agreement.html","LightningComponentBundle","aareg_agreement","Git-heuristikk; ikkje API-verifisert","Komponenten finst i main (flytta/gjenoppretta/delvis sletta)","force-app/externalAgreement/lwc/aareg_agreement/aareg_agreement.css | force-app/externalAgreement/lwc/aareg_agreement/aareg_agreement.html | force-app/externalAgreement/lwc/aareg_agreement/aareg_agreement.js | force-app/externalAgreement/lwc/aareg_agreement/aareg_agreement.js-meta.xml","Ikkje undersøkt"
"2026-08-13T13:00:32+02:00","0d01fa9fbdce76ccfddff6c12392230e5860b86f","Flytta (same filnamn)","100","force-app","LightningComponentBundle","aareg_agreement","force-app/main/default/lwc/aareg_agreement/aareg_agreement.js","force-app/externalAgreement/lwc/aareg_agreement/aareg_agreement.js","LightningComponentBundle","aareg_agreement","Git-heuristikk; ikkje API-verifisert","Komponenten finst i main (flytta/gjenoppretta/delvis sletta)","force-app/externalAgreement/lwc/aareg_agreement/aareg_agreement.css | force-app/externalAgreement/lwc/aareg_agreement/aareg_agreement.html | force-app/externalAgreement/lwc/aareg_agreement/aareg_agreement.js | force-app/externalAgreement/lwc/aareg_agreement/aareg_agreement.js-meta.xml","Ikkje undersøkt"
"2026-08-13T13:00:32+02:00","0d01fa9fbdce76ccfddff6c12392230e5860b86f","Flytta (same filnamn)","100","force-app","LightningComponentBundle","aareg_agreement","force-app/main/default/lwc/aareg_agreement/aareg_agreement.js-meta.xml","force-app/externalAgreement/lwc/aareg_agreement/aareg_agreement.js-meta.xml","LightningComponentBundle","aareg_agreement","Git-heuristikk; ikkje API-verifisert","Komponenten finst i main (flytta/gjenoppretta/delvis sletta)","force-app/externalAgreement/lwc/aareg_agreement/aareg_agreement.css | force-app/externalAgreement/lwc/aareg_agreement/aareg_agreement.html | force-app/externalAgreement/lwc/aareg_agreement/aareg_agreement.js | force-app/externalAgreement/lwc/aareg_agreement/aareg_agreement.js-meta.xml","Ikkje undersøkt"
"2026-08-13T09:13:00+02:00","60ec64e630908dfc8519b6da6d25083cd4417032","Flytta (same filnamn)","088","force-app","LightningComponentBundle","aareg_myAgreements","force-app/main/default/lwc/aareg_myAgreements/aareg_myAgreements.css","force-app/externalAgreement/lwc/aareg_myAgreements/aareg_myAgreements.css","LightningComponentBundle","aareg_myAgreements","Git-heuristikk; ikkje API-verifisert","Komponenten finst i main (flytta/gjenoppretta/delvis sletta)","force-app/externalAgreement/lwc/aareg_myAgreements/aareg_myAgreements.css | force-app/externalAgreement/lwc/aareg_myAgreements/aareg_myAgreements.html | force-app/externalAgreement/lwc/aareg_myAgreements/aareg_myAgreements.js | force-app/externalAgreement/lwc/aareg_myAgreements/aareg_myAgreements.js-meta.xml","Ikkje undersøkt"
"2026-08-13T09:13:00+02:00","60ec64e630908dfc8519b6da6d25083cd4417032","Flytta (same filnamn)","093","force-app","LightningComponentBundle","aareg_myAgreements","force-app/main/default/lwc/aareg_myAgreements/aareg_myAgreements.html","force-app/externalAgreement/lwc/aareg_myAgreements/aareg_myAgreements.html","LightningComponentBundle","aareg_myAgreements","Git-heuristikk; ikkje API-verifisert","Komponenten finst i main (flytta/gjenoppretta/delvis sletta)","force-app/externalAgreement/lwc/aareg_myAgreements/aareg_myAgreements.css | force-app/externalAgreement/lwc/aareg_myAgreements/aareg_myAgreements.html | force-app/externalAgreement/lwc/aareg_myAgreements/aareg_myAgreements.js | force-app/externalAgreement/lwc/aareg_myAgreements/aareg_myAgreements.js-meta.xml","Ikkje undersøkt"
"2026-08-13T09:13:00+02:00","60ec64e630908dfc8519b6da6d25083cd4417032","Flytta (same filnamn)","087","force-app","LightningComponentBundle","aareg_myAgreements","force-app/main/default/lwc/aareg_myAgreements/aareg_myAgreements.js","force-app/externalAgreement/lwc/aareg_myAgreements/aareg_myAgreements.js","LightningComponentBundle","aareg_myAgreements","Git-heuristikk; ikkje API-verifisert","Komponenten finst i main (flytta/gjenoppretta/delvis sletta)","force-app/externalAgreement/lwc/aareg_myAgreements/aareg_myAgreements.css | force-app/externalAgreement/lwc/aareg_myAgreements/aareg_myAgreements.html | force-app/externalAgreement/lwc/aareg_myAgreements/aareg_myAgreements.js | force-app/externalAgreement/lwc/aareg_myAgreements/aareg_myAgreements.js-meta.xml","Ikkje undersøkt"
"2026-08-13T09:13:00+02:00","60ec64e630908dfc8519b6da6d25083cd4417032","Flytta (same filnamn)","080","force-app","LightningComponentBundle","aareg_myAgreements","force-app/main/default/lwc/aareg_myAgreements/aareg_myAgreements.js-meta.xml","force-app/externalAgreement/lwc/aareg_myAgreements/aareg_myAgreements.js-meta.xml","LightningComponentBundle","aareg_myAgreements","Git-heuristikk; ikkje API-verifisert","Komponenten finst i main (flytta/gjenoppretta/delvis sletta)","force-app/externalAgreement/lwc/aareg_myAgreements/aareg_myAgreements.css | force-app/externalAgreement/lwc/aareg_myAgreements/aareg_myAgreements.html | force-app/externalAgreement/lwc/aareg_myAgreements/aareg_myAgreements.js | force-app/externalAgreement/lwc/aareg_myAgreements/aareg_myAgreements.js-meta.xml","Ikkje undersøkt"
"2026-08-11T12:44:26+02:00","cbbd917fbad6d7bb42dc17efbaedcb1ac223a537","Flytta (same filnamn)","100","force-app","LightningComponentBundle","aareg_application","force-app/main/default/lwc/aareg_application/aareg_application.css","force-app/externalApplication/lwc/aareg_application/aareg_application.css","LightningComponentBundle","aareg_application","Git-heuristikk; ikkje API-verifisert","Komponenten finst i main (flytta/gjenoppretta/delvis sletta)","force-app/externalApplication/lwc/aareg_application/aareg_application.css | force-app/externalApplication/lwc/aareg_application/aareg_application.html | force-app/externalApplication/lwc/aareg_application/aareg_application.js | force-app/externalApplication/lwc/aareg_application/aareg_application.js-meta.xml","Ikkje undersøkt"
"2026-08-11T12:44:26+02:00","cbbd917fbad6d7bb42dc17efbaedcb1ac223a537","Flytta (same filnamn)","100","force-app","LightningComponentBundle","aareg_application","force-app/main/default/lwc/aareg_application/aareg_application.html","force-app/externalApplication/lwc/aareg_application/aareg_application.html","LightningComponentBundle","aareg_application","Git-heuristikk; ikkje API-verifisert","Komponenten finst i main (flytta/gjenoppretta/delvis sletta)","force-app/externalApplication/lwc/aareg_application/aareg_application.css | force-app/externalApplication/lwc/aareg_application/aareg_application.html | force-app/externalApplication/lwc/aareg_application/aareg_application.js | force-app/externalApplication/lwc/aareg_application/aareg_application.js-meta.xml","Ikkje undersøkt"
"2026-08-11T12:44:26+02:00","cbbd917fbad6d7bb42dc17efbaedcb1ac223a537","Flytta (same filnamn)","100","force-app","LightningComponentBundle","aareg_application","force-app/main/default/lwc/aareg_application/aareg_application.js","force-app/externalApplication/lwc/aareg_application/aareg_application.js","LightningComponentBundle","aareg_application","Git-heuristikk; ikkje API-verifisert","Komponenten finst i main (flytta/gjenoppretta/delvis sletta)","force-app/externalApplication/lwc/aareg_application/aareg_application.css | force-app/externalApplication/lwc/aareg_application/aareg_application.html | force-app/externalApplication/lwc/aareg_application/aareg_application.js | force-app/externalApplication/lwc/aareg_application/aareg_application.js-meta.xml","Ikkje undersøkt"
"2026-08-11T12:44:26+02:00","cbbd917fbad6d7bb42dc17efbaedcb1ac223a537","Flytta (same filnamn)","100","force-app","LightningComponentBundle","aareg_application","force-app/main/default/lwc/aareg_application/aareg_application.js-meta.xml","force-app/externalApplication/lwc/aareg_application/aareg_application.js-meta.xml","LightningComponentBundle","aareg_application","Git-heuristikk; ikkje API-verifisert","Komponenten finst i main (flytta/gjenoppretta/delvis sletta)","force-app/externalApplication/lwc/aareg_application/aareg_application.css | force-app/externalApplication/lwc/aareg_application/aareg_application.html | force-app/externalApplication/lwc/aareg_application/aareg_application.js | force-app/externalApplication/lwc/aareg_application/aareg_application.js-meta.xml","Ikkje undersøkt"
"2026-08-11T12:44:26+02:00","cbbd917fbad6d7bb42dc17efbaedcb1ac223a537","Flytta (same filnamn)","100","force-app","LightningComponentBundle","aareg_applicationBasis","force-app/main/default/lwc/aareg_applicationBasis/aareg_applicationBasis.css","force-app/externalApplication/lwc/aareg_applicationBasis/aareg_applicationBasis.css","LightningComponentBundle","aareg_applicationBasis","Git-heuristikk; ikkje API-verifisert","Komponenten finst i main (flytta/gjenoppretta/delvis sletta)","force-app/externalApplication/lwc/aareg_applicationBasis/aareg_applicationBasis.css | force-app/externalApplication/lwc/aareg_applicationBasis/aareg_applicationBasis.html | force-app/externalApplication/lwc/aareg_applicationBasis/aareg_applicationBasis.js | force-app/externalApplication/lwc/aareg_applicationBasis/aareg_applicationBasis.js-meta.xml","Ikkje undersøkt"
"2026-08-11T12:44:26+02:00","cbbd917fbad6d7bb42dc17efbaedcb1ac223a537","Flytta (same filnamn)","100","force-app","LightningComponentBundle","aareg_applicationBasis","force-app/main/default/lwc/aareg_applicationBasis/aareg_applicationBasis.html","force-app/externalApplication/lwc/aareg_applicationBasis/aareg_applicationBasis.html","LightningComponentBundle","aareg_applicationBasis","Git-heuristikk; ikkje API-verifisert","Komponenten finst i main (flytta/gjenoppretta/delvis sletta)","force-app/externalApplication/lwc/aareg_applicationBasis/aareg_applicationBasis.css | force-app/externalApplication/lwc/aareg_applicationBasis/aareg_applicationBasis.html | force-app/externalApplication/lwc/aareg_applicationBasis/aareg_applicationBasis.js | force-app/externalApplication/lwc/aareg_applicationBasis/aareg_applicationBasis.js-meta.xml","Ikkje undersøkt"
"2026-08-11T12:44:26+02:00","cbbd917fbad6d7bb42dc17efbaedcb1ac223a537","Flytta (same filnamn)","100","force-app","LightningComponentBundle","aareg_applicationBasis","force-app/main/default/lwc/aareg_applicationBasis/aareg_applicationBasis.js","force-app/externalApplication/lwc/aareg_applicationBasis/aareg_applicationBasis.js","LightningComponentBundle","aareg_applicationBasis","Git-heuristikk; ikkje API-verifisert","Komponenten finst i main (flytta/gjenoppretta/delvis sletta)","force-app/externalApplication/lwc/aareg_applicationBasis/aareg_applicationBasis.css | force-app/externalApplication/lwc/aareg_applicationBasis/aareg_applicationBasis.html | force-app/externalApplication/lwc/aareg_applicationBasis/aareg_applicationBasis.js | force-app/externalApplication/lwc/aareg_applicationBasis/aareg_applicationBasis.js-meta.xml","Ikkje undersøkt"
"2026-08-11T12:44:26+02:00","cbbd917fbad6d7bb42dc17efbaedcb1ac223a537","Flytta (same filnamn)","100","force-app","LightningComponentBundle","aareg_applicationBasis","force-app/main/default/lwc/aareg_applicationBasis/aareg_applicationBasis.js-meta.xml","force-app/externalApplication/lwc/aareg_applicationBasis/aareg_applicationBasis.js-meta.xml","LightningComponentBundle","aareg_applicationBasis","Git-heuristikk; ikkje API-verifisert","Komponenten finst i main (flytta/gjenoppretta/delvis sletta)","force-app/externalApplication/lwc/aareg_applicationBasis/aareg_applicationBasis.css | force-app/externalApplication/lwc/aareg_applicationBasis/aareg_applicationBasis.html | force-app/externalApplication/lwc/aareg_applicationBasis/aareg_applicationBasis.js | force-app/externalApplication/lwc/aareg_applicationBasis/aareg_applicationBasis.js-meta.xml","Ikkje undersøkt"
"2026-08-11T12:44:26+02:00","cbbd917fbad6d7bb42dc17efbaedcb1ac223a537","Flytta (same filnamn)","100","force-app","LightningComponentBundle","aareg_applicationContact","force-app/main/default/lwc/aareg_applicationContact/aareg_applicationContact.css","force-app/externalApplication/lwc/aareg_applicationContact/aareg_applicationContact.css","LightningComponentBundle","aareg_applicationContact","Git-heuristikk; ikkje API-verifisert","Komponenten finst i main (flytta/gjenoppretta/delvis sletta)","force-app/externalApplication/lwc/aareg_applicationContact/aareg_applicationContact.css | force-app/externalApplication/lwc/aareg_applicationContact/aareg_applicationContact.html | force-app/externalApplication/lwc/aareg_applicationContact/aareg_applicationContact.js | force-app/externalApplication/lwc/aareg_applicationContact/aareg_applicationContact.js-meta.xml","Ikkje undersøkt"
"2026-08-11T12:44:26+02:00","cbbd917fbad6d7bb42dc17efbaedcb1ac223a537","Flytta (same filnamn)","100","force-app","LightningComponentBundle","aareg_applicationContact","force-app/main/default/lwc/aareg_applicationContact/aareg_applicationContact.html","force-app/externalApplication/lwc/aareg_applicationContact/aareg_applicationContact.html","LightningComponentBundle","aareg_applicationContact","Git-heuristikk; ikkje API-verifisert","Komponenten finst i main (flytta/gjenoppretta/delvis sletta)","force-app/externalApplication/lwc/aareg_applicationContact/aareg_applicationContact.css | force-app/externalApplication/lwc/aareg_applicationContact/aareg_applicationContact.html | force-app/externalApplication/lwc/aareg_applicationContact/aareg_applicationContact.js | force-app/externalApplication/lwc/aareg_applicationContact/aareg_applicationContact.js-meta.xml","Ikkje undersøkt"
"2026-08-11T12:44:26+02:00","cbbd917fbad6d7bb42dc17efbaedcb1ac223a537","Flytta (same filnamn)","100","force-app","LightningComponentBundle","aareg_applicationContact","force-app/main/default/lwc/aareg_applicationContact/aareg_applicationContact.js","force-app/externalApplication/lwc/aareg_applicationContact/aareg_applicationContact.js","LightningComponentBundle","aareg_applicationContact","Git-heuristikk; ikkje API-verifisert","Komponenten finst i main (flytta/gjenoppretta/delvis sletta)","force-app/externalApplication/lwc/aareg_applicationContact/aareg_applicationContact.css | force-app/externalApplication/lwc/aareg_applicationContact/aareg_applicationContact.html | force-app/externalApplication/lwc/aareg_applicationContact/aareg_applicationContact.js | force-app/externalApplication/lwc/aareg_applicationContact/aareg_applicationContact.js-meta.xml","Ikkje undersøkt"
"2026-08-11T12:44:26+02:00","cbbd917fbad6d7bb42dc17efbaedcb1ac223a537","Flytta (same filnamn)","100","force-app","LightningComponentBundle","aareg_applicationContact","force-app/main/default/lwc/aareg_applicationContact/aareg_applicationContact.js-meta.xml","force-app/externalApplication/lwc/aareg_applicationContact/aareg_applicationContact.js-meta.xml","LightningComponentBundle","aareg_applicationContact","Git-heuristikk; ikkje API-verifisert","Komponenten finst i main (flytta/gjenoppretta/delvis sletta)","force-app/externalApplication/lwc/aareg_applicationContact/aareg_applicationContact.css | force-app/externalApplication/lwc/aareg_applicationContact/aareg_applicationContact.html | force-app/externalApplication/lwc/aareg_applicationContact/aareg_applicationContact.js | force-app/externalApplication/lwc/aareg_applicationContact/aareg_applicationContact.js-meta.xml","Ikkje undersøkt"
"2026-08-11T12:44:26+02:00","cbbd917fbad6d7bb42dc17efbaedcb1ac223a537","Flytta (same filnamn)","100","force-app","LightningComponentBundle","aareg_myApplications","force-app/main/default/lwc/aareg_myApplications/aareg_myApplications.css","force-app/externalApplication/lwc/aareg_myApplications/aareg_myApplications.css","LightningComponentBundle","aareg_myApplications","Git-heuristikk; ikkje API-verifisert","Komponenten finst i main (flytta/gjenoppretta/delvis sletta)","force-app/externalApplication/lwc/aareg_myApplications/aareg_myApplications.css | force-app/externalApplication/lwc/aareg_myApplications/aareg_myApplications.html | force-app/externalApplication/lwc/aareg_myApplications/aareg_myApplications.js | force-app/externalApplication/lwc/aareg_myApplications/aareg_myApplications.js-meta.xml | force-app/externalApplication/lwc/aareg_myApplications/aareg_myApplicationsUtils.js","Ikkje undersøkt"
"2026-08-11T12:44:26+02:00","cbbd917fbad6d7bb42dc17efbaedcb1ac223a537","Flytta (same filnamn)","100","force-app","LightningComponentBundle","aareg_myApplications","force-app/main/default/lwc/aareg_myApplications/aareg_myApplications.html","force-app/externalApplication/lwc/aareg_myApplications/aareg_myApplications.html","LightningComponentBundle","aareg_myApplications","Git-heuristikk; ikkje API-verifisert","Komponenten finst i main (flytta/gjenoppretta/delvis sletta)","force-app/externalApplication/lwc/aareg_myApplications/aareg_myApplications.css | force-app/externalApplication/lwc/aareg_myApplications/aareg_myApplications.html | force-app/externalApplication/lwc/aareg_myApplications/aareg_myApplications.js | force-app/externalApplication/lwc/aareg_myApplications/aareg_myApplications.js-meta.xml | force-app/externalApplication/lwc/aareg_myApplications/aareg_myApplicationsUtils.js","Ikkje undersøkt"
"2026-08-11T12:44:26+02:00","cbbd917fbad6d7bb42dc17efbaedcb1ac223a537","Flytta (same filnamn)","100","force-app","LightningComponentBundle","aareg_myApplications","force-app/main/default/lwc/aareg_myApplications/aareg_myApplications.js","force-app/externalApplication/lwc/aareg_myApplications/aareg_myApplications.js","LightningComponentBundle","aareg_myApplications","Git-heuristikk; ikkje API-verifisert","Komponenten finst i main (flytta/gjenoppretta/delvis sletta)","force-app/externalApplication/lwc/aareg_myApplications/aareg_myApplications.css | force-app/externalApplication/lwc/aareg_myApplications/aareg_myApplications.html | force-app/externalApplication/lwc/aareg_myApplications/aareg_myApplications.js | force-app/externalApplication/lwc/aareg_myApplications/aareg_myApplications.js-meta.xml | force-app/externalApplication/lwc/aareg_myApplications/aareg_myApplicationsUtils.js","Ikkje undersøkt"
"2026-08-11T12:44:26+02:00","cbbd917fbad6d7bb42dc17efbaedcb1ac223a537","Flytta (same filnamn)","100","force-app","LightningComponentBundle","aareg_myApplications","force-app/main/default/lwc/aareg_myApplications/aareg_myApplications.js-meta.xml","force-app/externalApplication/lwc/aareg_myApplications/aareg_myApplications.js-meta.xml","LightningComponentBundle","aareg_myApplications","Git-heuristikk; ikkje API-verifisert","Komponenten finst i main (flytta/gjenoppretta/delvis sletta)","force-app/externalApplication/lwc/aareg_myApplications/aareg_myApplications.css | force-app/externalApplication/lwc/aareg_myApplications/aareg_myApplications.html | force-app/externalApplication/lwc/aareg_myApplications/aareg_myApplications.js | force-app/externalApplication/lwc/aareg_myApplications/aareg_myApplications.js-meta.xml | force-app/externalApplication/lwc/aareg_myApplications/aareg_myApplicationsUtils.js","Ikkje undersøkt"
"2026-08-05T15:22:12+02:00","733dbe700350cbceb8d51c068fab6d200099b01c","Sletta","","force-app","ApexClass","TimeTestEventController","force-app/timeTest/classes/TimeTestEventController.cls","","","","","Ikkje i main; sjekk org","","Ikkje undersøkt"
"2026-08-05T15:22:12+02:00","733dbe700350cbceb8d51c068fab6d200099b01c","Sletta","","force-app","ApexClass","TimeTestEventController","force-app/timeTest/classes/TimeTestEventController.cls-meta.xml","","","","","Ikkje i main; sjekk org","","Ikkje undersøkt"
"2026-08-05T15:22:12+02:00","733dbe700350cbceb8d51c068fab6d200099b01c","Sletta","","force-app","ApexClass","TimeTestEventControllerTest","force-app/timeTest/classes/TimeTestEventControllerTest.cls","","","","","Ikkje i main; sjekk org","","Ikkje undersøkt"
"2026-08-05T15:22:12+02:00","733dbe700350cbceb8d51c068fab6d200099b01c","Sletta","","force-app","ApexClass","TimeTestEventControllerTest","force-app/timeTest/classes/TimeTestEventControllerTest.cls-meta.xml","","","","","Ikkje i main; sjekk org","","Ikkje undersøkt"
"2026-08-05T15:22:12+02:00","733dbe700350cbceb8d51c068fab6d200099b01c","Sletta","","force-app","ApexClass","TimeTestEventPlanner","force-app/timeTest/classes/TimeTestEventPlanner.cls","","","","","Ikkje i main; sjekk org","","Ikkje undersøkt"
"2026-08-05T15:22:12+02:00","733dbe700350cbceb8d51c068fab6d200099b01c","Sletta","","force-app","ApexClass","TimeTestEventPlanner","force-app/timeTest/classes/TimeTestEventPlanner.cls-meta.xml","","","","","Ikkje i main; sjekk org","","Ikkje undersøkt"
"2026-08-05T15:22:12+02:00","733dbe700350cbceb8d51c068fab6d200099b01c","Sletta","","force-app","ApexClass","TimeTestEventRequest","force-app/timeTest/classes/TimeTestEventRequest.cls","","","","","Ikkje i main; sjekk org","","Ikkje undersøkt"
"2026-08-05T15:22:12+02:00","733dbe700350cbceb8d51c068fab6d200099b01c","Sletta","","force-app","ApexClass","TimeTestEventRequest","force-app/timeTest/classes/TimeTestEventRequest.cls-meta.xml","","","","","Ikkje i main; sjekk org","","Ikkje undersøkt"
"2026-08-05T15:22:12+02:00","733dbe700350cbceb8d51c068fab6d200099b01c","Sletta","","force-app","ApexClass","TimeTestEventRuleEngine","force-app/timeTest/classes/TimeTestEventRuleEngine.cls","","","","","Ikkje i main; sjekk org","","Ikkje undersøkt"
"2026-08-05T15:22:12+02:00","733dbe700350cbceb8d51c068fab6d200099b01c","Sletta","","force-app","ApexClass","TimeTestEventRuleEngine","force-app/timeTest/classes/TimeTestEventRuleEngine.cls-meta.xml","","","","","Ikkje i main; sjekk org","","Ikkje undersøkt"
"2026-08-05T15:22:12+02:00","733dbe700350cbceb8d51c068fab6d200099b01c","Sletta","","force-app","ApexClass","TimeTestEventSummary","force-app/timeTest/classes/TimeTestEventSummary.cls","","","","","Ikkje i main; sjekk org","","Ikkje undersøkt"
"2026-08-05T15:22:12+02:00","733dbe700350cbceb8d51c068fab6d200099b01c","Sletta","","force-app","ApexClass","TimeTestEventSummary","force-app/timeTest/classes/TimeTestEventSummary.cls-meta.xml","","","","","Ikkje i main; sjekk org","","Ikkje undersøkt"
"2026-07-13T14:59:38+02:00","c1e600fcb97045c05a1b0931ff580486bbef6e92","Sletta","","force-app","ApexClass","AAREG_ApplicationControllerCoverageTest","force-app/externalApplication/classes/AAREG_ApplicationControllerCoverageTest.cls","","","","","Ikkje i main; sjekk org","","Ikkje undersøkt"
"2026-07-13T14:59:38+02:00","c1e600fcb97045c05a1b0931ff580486bbef6e92","Sletta","","force-app","ApexClass","AAREG_ApplicationControllerCoverageTest","force-app/externalApplication/classes/AAREG_ApplicationControllerCoverageTest.cls-meta.xml","","","","","Ikkje i main; sjekk org","","Ikkje undersøkt"
"2026-07-13T14:59:38+02:00","c1e600fcb97045c05a1b0931ff580486bbef6e92","Sletta","","force-app","ApexClass","AAREG_MyAppsCoverageTest","force-app/externalApplication/classes/AAREG_MyAppsCoverageTest.cls","","","","","Ikkje i main; sjekk org","","Ikkje undersøkt"
"2026-07-13T14:59:38+02:00","c1e600fcb97045c05a1b0931ff580486bbef6e92","Sletta","","force-app","ApexClass","AAREG_MyAppsCoverageTest","force-app/externalApplication/classes/AAREG_MyAppsCoverageTest.cls-meta.xml","","","","","Ikkje i main; sjekk org","","Ikkje undersøkt"
"2026-07-10T23:27:22+02:00","29937202cfdeda8043bf25b03426f2dce0394b74","Sletta","","force-app","ApexClass","P360_ArchiveAdapter","force-app/integration/p360/classes/adapter/P360_ArchiveAdapter.cls","","","","","Komponenten finst i main (flytta/gjenoppretta/delvis sletta)","force-app/integration/p360/classes/adapter/P360_ArchiveAdapter.cls | force-app/integration/p360/classes/adapter/P360_ArchiveAdapter.cls-meta.xml","Ikkje undersøkt"
"2026-07-10T23:27:22+02:00","29937202cfdeda8043bf25b03426f2dce0394b74","Sletta","","force-app","ApexClass","P360_ArchiveAdapter","force-app/integration/p360/classes/adapter/P360_ArchiveAdapter.cls-meta.xml","","","","","Komponenten finst i main (flytta/gjenoppretta/delvis sletta)","force-app/integration/p360/classes/adapter/P360_ArchiveAdapter.cls | force-app/integration/p360/classes/adapter/P360_ArchiveAdapter.cls-meta.xml","Ikkje undersøkt"
"2026-07-10T23:27:22+02:00","29937202cfdeda8043bf25b03426f2dce0394b74","Sletta","","force-app","ApexClass","P360_ArchiveAdapterTest","force-app/integration/p360/classes/adapter/P360_ArchiveAdapterTest.cls","","","","","Komponenten finst i main (flytta/gjenoppretta/delvis sletta)","force-app/tests/classes/integration/p360/adapter/P360_ArchiveAdapterTest.cls | force-app/tests/classes/integration/p360/adapter/P360_ArchiveAdapterTest.cls-meta.xml","Ikkje undersøkt"
"2026-07-10T23:27:22+02:00","29937202cfdeda8043bf25b03426f2dce0394b74","Sletta","","force-app","ApexClass","P360_ArchiveAdapterTest","force-app/integration/p360/classes/adapter/P360_ArchiveAdapterTest.cls-meta.xml","","","","","Komponenten finst i main (flytta/gjenoppretta/delvis sletta)","force-app/tests/classes/integration/p360/adapter/P360_ArchiveAdapterTest.cls | force-app/tests/classes/integration/p360/adapter/P360_ArchiveAdapterTest.cls-meta.xml","Ikkje undersøkt"
"2026-07-10T23:27:22+02:00","29937202cfdeda8043bf25b03426f2dce0394b74","Sletta","","force-app","ApexClass","P360_IArchiveAdapter","force-app/integration/p360/classes/adapter/P360_IArchiveAdapter.cls","","","","","Komponenten finst i main (flytta/gjenoppretta/delvis sletta)","force-app/integration/p360/classes/adapter/P360_IArchiveAdapter.cls | force-app/integration/p360/classes/adapter/P360_IArchiveAdapter.cls-meta.xml","Ikkje undersøkt"
"2026-07-10T23:27:22+02:00","29937202cfdeda8043bf25b03426f2dce0394b74","Sletta","","force-app","ApexClass","P360_IArchiveAdapter","force-app/integration/p360/classes/adapter/P360_IArchiveAdapter.cls-meta.xml","","","","","Komponenten finst i main (flytta/gjenoppretta/delvis sletta)","force-app/integration/p360/classes/adapter/P360_IArchiveAdapter.cls | force-app/integration/p360/classes/adapter/P360_IArchiveAdapter.cls-meta.xml","Ikkje undersøkt"
"2026-07-10T23:27:22+02:00","29937202cfdeda8043bf25b03426f2dce0394b74","Sletta","","force-app","ApexClass","P360_StubArchiveAdapter","force-app/integration/p360/classes/adapter/P360_StubArchiveAdapter.cls","","","","","Komponenten finst i main (flytta/gjenoppretta/delvis sletta)","force-app/integration/p360/classes/adapter/P360_StubArchiveAdapter.cls | force-app/integration/p360/classes/adapter/P360_StubArchiveAdapter.cls-meta.xml","Ikkje undersøkt"
"2026-07-10T23:27:22+02:00","29937202cfdeda8043bf25b03426f2dce0394b74","Sletta","","force-app","ApexClass","P360_StubArchiveAdapter","force-app/integration/p360/classes/adapter/P360_StubArchiveAdapter.cls-meta.xml","","","","","Komponenten finst i main (flytta/gjenoppretta/delvis sletta)","force-app/integration/p360/classes/adapter/P360_StubArchiveAdapter.cls | force-app/integration/p360/classes/adapter/P360_StubArchiveAdapter.cls-meta.xml","Ikkje undersøkt"
"2026-07-10T23:27:22+02:00","29937202cfdeda8043bf25b03426f2dce0394b74","Sletta","","force-app","ApexClass","P360_StubArchiveAdapterTest","force-app/integration/p360/classes/adapter/P360_StubArchiveAdapterTest.cls","","","","","Komponenten finst i main (flytta/gjenoppretta/delvis sletta)","force-app/tests/classes/integration/p360/adapter/P360_StubArchiveAdapterTest.cls | force-app/tests/classes/integration/p360/adapter/P360_StubArchiveAdapterTest.cls-meta.xml","Ikkje undersøkt"
"2026-07-10T23:27:22+02:00","29937202cfdeda8043bf25b03426f2dce0394b74","Sletta","","force-app","ApexClass","P360_StubArchiveAdapterTest","force-app/integration/p360/classes/adapter/P360_StubArchiveAdapterTest.cls-meta.xml","","","","","Komponenten finst i main (flytta/gjenoppretta/delvis sletta)","force-app/tests/classes/integration/p360/adapter/P360_StubArchiveAdapterTest.cls | force-app/tests/classes/integration/p360/adapter/P360_StubArchiveAdapterTest.cls-meta.xml","Ikkje undersøkt"
"2026-07-10T23:27:22+02:00","29937202cfdeda8043bf25b03426f2dce0394b74","Sletta","","force-app","ApexClass","P360_IRpcClient","force-app/integration/p360/classes/client/P360_IRpcClient.cls","","","","","Komponenten finst i main (flytta/gjenoppretta/delvis sletta)","force-app/integration/p360/classes/client/P360_IRpcClient.cls | force-app/integration/p360/classes/client/P360_IRpcClient.cls-meta.xml","Ikkje undersøkt"
"2026-07-10T23:27:22+02:00","29937202cfdeda8043bf25b03426f2dce0394b74","Sletta","","force-app","ApexClass","P360_IRpcClient","force-app/integration/p360/classes/client/P360_IRpcClient.cls-meta.xml","","","","","Komponenten finst i main (flytta/gjenoppretta/delvis sletta)","force-app/integration/p360/classes/client/P360_IRpcClient.cls | force-app/integration/p360/classes/client/P360_IRpcClient.cls-meta.xml","Ikkje undersøkt"
"2026-07-10T23:27:22+02:00","29937202cfdeda8043bf25b03426f2dce0394b74","Sletta","","force-app","ApexClass","P360_RpcClient","force-app/integration/p360/classes/client/P360_RpcClient.cls","","","","","Komponenten finst i main (flytta/gjenoppretta/delvis sletta)","force-app/integration/p360/classes/client/P360_RpcClient.cls | force-app/integration/p360/classes/client/P360_RpcClient.cls-meta.xml","Ikkje undersøkt"
"2026-07-10T23:27:22+02:00","29937202cfdeda8043bf25b03426f2dce0394b74","Sletta","","force-app","ApexClass","P360_RpcClient","force-app/integration/p360/classes/client/P360_RpcClient.cls-meta.xml","","","","","Komponenten finst i main (flytta/gjenoppretta/delvis sletta)","force-app/integration/p360/classes/client/P360_RpcClient.cls | force-app/integration/p360/classes/client/P360_RpcClient.cls-meta.xml","Ikkje undersøkt"
"2026-07-10T23:27:22+02:00","29937202cfdeda8043bf25b03426f2dce0394b74","Sletta","","force-app","ApexClass","P360_RpcClientTest","force-app/integration/p360/classes/client/P360_RpcClientTest.cls","","","","","Komponenten finst i main (flytta/gjenoppretta/delvis sletta)","force-app/tests/classes/integration/p360/client/P360_RpcClientTest.cls | force-app/tests/classes/integration/p360/client/P360_RpcClientTest.cls-meta.xml","Ikkje undersøkt"
"2026-07-10T23:27:22+02:00","29937202cfdeda8043bf25b03426f2dce0394b74","Sletta","","force-app","ApexClass","P360_RpcClientTest","force-app/integration/p360/classes/client/P360_RpcClientTest.cls-meta.xml","","","","","Komponenten finst i main (flytta/gjenoppretta/delvis sletta)","force-app/tests/classes/integration/p360/client/P360_RpcClientTest.cls | force-app/tests/classes/integration/p360/client/P360_RpcClientTest.cls-meta.xml","Ikkje undersøkt"
"2026-07-10T23:27:22+02:00","29937202cfdeda8043bf25b03426f2dce0394b74","Sletta","","force-app","ApexClass","P360_ContractDtoTest","force-app/integration/p360/classes/contract/P360_ContractDtoTest.cls","","","","","Ikkje i main; sjekk org","","Ikkje undersøkt"
"2026-07-10T23:27:22+02:00","29937202cfdeda8043bf25b03426f2dce0394b74","Sletta","","force-app","ApexClass","P360_ContractDtoTest","force-app/integration/p360/classes/contract/P360_ContractDtoTest.cls-meta.xml","","","","","Ikkje i main; sjekk org","","Ikkje undersøkt"
"2026-07-10T23:27:22+02:00","29937202cfdeda8043bf25b03426f2dce0394b74","Sletta","","force-app","ApexClass","P360_ArchiveRequestDto","force-app/integration/p360/classes/contract/dto/P360_ArchiveRequestDto.cls","","","","","Komponenten finst i main (flytta/gjenoppretta/delvis sletta)","force-app/integration/p360/classes/contract/dto/P360_ArchiveRequestDto.cls | force-app/integration/p360/classes/contract/dto/P360_ArchiveRequestDto.cls-meta.xml","Ikkje undersøkt"
"2026-07-10T23:27:22+02:00","29937202cfdeda8043bf25b03426f2dce0394b74","Sletta","","force-app","ApexClass","P360_ArchiveRequestDto","force-app/integration/p360/classes/contract/dto/P360_ArchiveRequestDto.cls-meta.xml","","","","","Komponenten finst i main (flytta/gjenoppretta/delvis sletta)","force-app/integration/p360/classes/contract/dto/P360_ArchiveRequestDto.cls | force-app/integration/p360/classes/contract/dto/P360_ArchiveRequestDto.cls-meta.xml","Ikkje undersøkt"
"2026-07-10T23:27:22+02:00","29937202cfdeda8043bf25b03426f2dce0394b74","Sletta","","force-app","ApexClass","P360_ArchiveResponseDto","force-app/integration/p360/classes/contract/dto/P360_ArchiveResponseDto.cls","","","","","Komponenten finst i main (flytta/gjenoppretta/delvis sletta)","force-app/integration/p360/classes/contract/dto/P360_ArchiveResponseDto.cls | force-app/integration/p360/classes/contract/dto/P360_ArchiveResponseDto.cls-meta.xml","Ikkje undersøkt"
"2026-07-10T23:27:22+02:00","29937202cfdeda8043bf25b03426f2dce0394b74","Sletta","","force-app","ApexClass","P360_ArchiveResponseDto","force-app/integration/p360/classes/contract/dto/P360_ArchiveResponseDto.cls-meta.xml","","","","","Komponenten finst i main (flytta/gjenoppretta/delvis sletta)","force-app/integration/p360/classes/contract/dto/P360_ArchiveResponseDto.cls | force-app/integration/p360/classes/contract/dto/P360_ArchiveResponseDto.cls-meta.xml","Ikkje undersøkt"
"2026-07-10T23:27:22+02:00","29937202cfdeda8043bf25b03426f2dce0394b74","Sletta","","force-app","ApexClass","P360_RpcRequest","force-app/integration/p360/classes/contract/dto/P360_RpcRequest.cls","","","","","Komponenten finst i main (flytta/gjenoppretta/delvis sletta)","force-app/integration/p360/classes/contract/dto/P360_RpcRequest.cls | force-app/integration/p360/classes/contract/dto/P360_RpcRequest.cls-meta.xml","Ikkje undersøkt"
"2026-07-10T23:27:22+02:00","29937202cfdeda8043bf25b03426f2dce0394b74","Sletta","","force-app","ApexClass","P360_RpcRequest","force-app/integration/p360/classes/contract/dto/P360_RpcRequest.cls-meta.xml","","","","","Komponenten finst i main (flytta/gjenoppretta/delvis sletta)","force-app/integration/p360/classes/contract/dto/P360_RpcRequest.cls | force-app/integration/p360/classes/contract/dto/P360_RpcRequest.cls-meta.xml","Ikkje undersøkt"
"2026-07-10T23:27:22+02:00","29937202cfdeda8043bf25b03426f2dce0394b74","Sletta","","force-app","ApexClass","P360_RpcResponse","force-app/integration/p360/classes/contract/dto/P360_RpcResponse.cls","","","","","Komponenten finst i main (flytta/gjenoppretta/delvis sletta)","force-app/integration/p360/classes/contract/dto/P360_RpcResponse.cls | force-app/integration/p360/classes/contract/dto/P360_RpcResponse.cls-meta.xml","Ikkje undersøkt"
"2026-07-10T23:27:22+02:00","29937202cfdeda8043bf25b03426f2dce0394b74","Sletta","","force-app","ApexClass","P360_RpcResponse","force-app/integration/p360/classes/contract/dto/P360_RpcResponse.cls-meta.xml","","","","","Komponenten finst i main (flytta/gjenoppretta/delvis sletta)","force-app/integration/p360/classes/contract/dto/P360_RpcResponse.cls | force-app/integration/p360/classes/contract/dto/P360_RpcResponse.cls-meta.xml","Ikkje undersøkt"
"2026-07-10T23:27:22+02:00","29937202cfdeda8043bf25b03426f2dce0394b74","Sletta","","force-app","ApexClass","AAREG_AgreementDomainService","force-app/integration/p360/classes/domain/AAREG_AgreementDomainService.cls","","","","","Komponenten finst i main (flytta/gjenoppretta/delvis sletta)","force-app/integration/p360/classes/domain/AAREG_AgreementDomainService.cls | force-app/integration/p360/classes/domain/AAREG_AgreementDomainService.cls-meta.xml","Ikkje undersøkt"
"2026-07-10T23:27:22+02:00","29937202cfdeda8043bf25b03426f2dce0394b74","Sletta","","force-app","ApexClass","AAREG_AgreementDomainService","force-app/integration/p360/classes/domain/AAREG_AgreementDomainService.cls-meta.xml","","","","","Komponenten finst i main (flytta/gjenoppretta/delvis sletta)","force-app/integration/p360/classes/domain/AAREG_AgreementDomainService.cls | force-app/integration/p360/classes/domain/AAREG_AgreementDomainService.cls-meta.xml","Ikkje undersøkt"
"2026-07-10T23:27:22+02:00","29937202cfdeda8043bf25b03426f2dce0394b74","Sletta","","force-app","ApexClass","AAREG_AgreementDomainServiceTest","force-app/integration/p360/classes/domain/AAREG_AgreementDomainServiceTest.cls","","","","","Komponenten finst i main (flytta/gjenoppretta/delvis sletta)","force-app/tests/classes/integration/p360/domain/AAREG_AgreementDomainServiceTest.cls | force-app/tests/classes/integration/p360/domain/AAREG_AgreementDomainServiceTest.cls-meta.xml","Ikkje undersøkt"
"2026-07-10T23:27:22+02:00","29937202cfdeda8043bf25b03426f2dce0394b74","Sletta","","force-app","ApexClass","AAREG_AgreementDomainServiceTest","force-app/integration/p360/classes/domain/AAREG_AgreementDomainServiceTest.cls-meta.xml","","","","","Komponenten finst i main (flytta/gjenoppretta/delvis sletta)","force-app/tests/classes/integration/p360/domain/AAREG_AgreementDomainServiceTest.cls | force-app/tests/classes/integration/p360/domain/AAREG_AgreementDomainServiceTest.cls-meta.xml","Ikkje undersøkt"
"2026-07-10T23:27:22+02:00","29937202cfdeda8043bf25b03426f2dce0394b74","Sletta","","force-app","ApexClass","AAREG_ApplicationDomainService","force-app/integration/p360/classes/domain/AAREG_ApplicationDomainService.cls","","","","","Komponenten finst i main (flytta/gjenoppretta/delvis sletta)","force-app/integration/p360/classes/domain/AAREG_ApplicationDomainService.cls | force-app/integration/p360/classes/domain/AAREG_ApplicationDomainService.cls-meta.xml","Ikkje undersøkt"
"2026-07-10T23:27:22+02:00","29937202cfdeda8043bf25b03426f2dce0394b74","Sletta","","force-app","ApexClass","AAREG_ApplicationDomainService","force-app/integration/p360/classes/domain/AAREG_ApplicationDomainService.cls-meta.xml","","","","","Komponenten finst i main (flytta/gjenoppretta/delvis sletta)","force-app/integration/p360/classes/domain/AAREG_ApplicationDomainService.cls | force-app/integration/p360/classes/domain/AAREG_ApplicationDomainService.cls-meta.xml","Ikkje undersøkt"
"2026-07-10T23:27:22+02:00","29937202cfdeda8043bf25b03426f2dce0394b74","Sletta","","force-app","ApexClass","AAREG_ApplicationDomainServiceTest","force-app/integration/p360/classes/domain/AAREG_ApplicationDomainServiceTest.cls","","","","","Komponenten finst i main (flytta/gjenoppretta/delvis sletta)","force-app/tests/classes/integration/p360/domain/AAREG_ApplicationDomainServiceTest.cls | force-app/tests/classes/integration/p360/domain/AAREG_ApplicationDomainServiceTest.cls-meta.xml","Ikkje undersøkt"
"2026-07-10T23:27:22+02:00","29937202cfdeda8043bf25b03426f2dce0394b74","Sletta","","force-app","ApexClass","AAREG_ApplicationDomainServiceTest","force-app/integration/p360/classes/domain/AAREG_ApplicationDomainServiceTest.cls-meta.xml","","","","","Komponenten finst i main (flytta/gjenoppretta/delvis sletta)","force-app/tests/classes/integration/p360/domain/AAREG_ApplicationDomainServiceTest.cls | force-app/tests/classes/integration/p360/domain/AAREG_ApplicationDomainServiceTest.cls-meta.xml","Ikkje undersøkt"
"2026-07-10T23:27:22+02:00","29937202cfdeda8043bf25b03426f2dce0394b74","Sletta","","force-app","ApexClass","P360_ContractException","force-app/integration/p360/classes/exception/P360_ContractException.cls","","","","","Komponenten finst i main (flytta/gjenoppretta/delvis sletta)","force-app/integration/p360/classes/exception/P360_ContractException.cls | force-app/integration/p360/classes/exception/P360_ContractException.cls-meta.xml","Ikkje undersøkt"
"2026-07-10T23:27:22+02:00","29937202cfdeda8043bf25b03426f2dce0394b74","Sletta","","force-app","ApexClass","P360_ContractException","force-app/integration/p360/classes/exception/P360_ContractException.cls-meta.xml","","","","","Komponenten finst i main (flytta/gjenoppretta/delvis sletta)","force-app/integration/p360/classes/exception/P360_ContractException.cls | force-app/integration/p360/classes/exception/P360_ContractException.cls-meta.xml","Ikkje undersøkt"
"2026-07-10T23:27:22+02:00","29937202cfdeda8043bf25b03426f2dce0394b74","Sletta","","force-app","ApexClass","P360_ExceptionTest","force-app/integration/p360/classes/exception/P360_ExceptionTest.cls","","","","","Ikkje i main; sjekk org","","Ikkje undersøkt"
"2026-07-10T23:27:22+02:00","29937202cfdeda8043bf25b03426f2dce0394b74","Sletta","","force-app","ApexClass","P360_ExceptionTest","force-app/integration/p360/classes/exception/P360_ExceptionTest.cls-meta.xml","","","","","Ikkje i main; sjekk org","","Ikkje undersøkt"
"2026-07-10T23:27:22+02:00","29937202cfdeda8043bf25b03426f2dce0394b74","Sletta","","force-app","ApexClass","P360_IntegrationException","force-app/integration/p360/classes/exception/P360_IntegrationException.cls","","","","","Komponenten finst i main (flytta/gjenoppretta/delvis sletta)","force-app/integration/p360/classes/exception/P360_IntegrationException.cls | force-app/integration/p360/classes/exception/P360_IntegrationException.cls-meta.xml","Ikkje undersøkt"
"2026-07-10T23:27:22+02:00","29937202cfdeda8043bf25b03426f2dce0394b74","Sletta","","force-app","ApexClass","P360_IntegrationException","force-app/integration/p360/classes/exception/P360_IntegrationException.cls-meta.xml","","","","","Komponenten finst i main (flytta/gjenoppretta/delvis sletta)","force-app/integration/p360/classes/exception/P360_IntegrationException.cls | force-app/integration/p360/classes/exception/P360_IntegrationException.cls-meta.xml","Ikkje undersøkt"
"2026-07-10T23:27:22+02:00","29937202cfdeda8043bf25b03426f2dce0394b74","Sletta","","force-app","ApexClass","P360_TransportException","force-app/integration/p360/classes/exception/P360_TransportException.cls","","","","","Komponenten finst i main (flytta/gjenoppretta/delvis sletta)","force-app/integration/p360/classes/exception/P360_TransportException.cls | force-app/integration/p360/classes/exception/P360_TransportException.cls-meta.xml","Ikkje undersøkt"
"2026-07-10T23:27:22+02:00","29937202cfdeda8043bf25b03426f2dce0394b74","Sletta","","force-app","ApexClass","P360_TransportException","force-app/integration/p360/classes/exception/P360_TransportException.cls-meta.xml","","","","","Komponenten finst i main (flytta/gjenoppretta/delvis sletta)","force-app/integration/p360/classes/exception/P360_TransportException.cls | force-app/integration/p360/classes/exception/P360_TransportException.cls-meta.xml","Ikkje undersøkt"
"2026-07-10T23:27:22+02:00","29937202cfdeda8043bf25b03426f2dce0394b74","Sletta","","force-app","ApexClass","AAREG_ArchiveApplicationCommand","force-app/integration/p360/classes/orchestration/AAREG_ArchiveApplicationCommand.cls","","","","","Komponenten finst i main (flytta/gjenoppretta/delvis sletta)","force-app/integration/p360/classes/orchestration/AAREG_ArchiveApplicationCommand.cls | force-app/integration/p360/classes/orchestration/AAREG_ArchiveApplicationCommand.cls-meta.xml","Ikkje undersøkt"
"2026-07-10T23:27:22+02:00","29937202cfdeda8043bf25b03426f2dce0394b74","Sletta","","force-app","ApexClass","AAREG_ArchiveApplicationCommand","force-app/integration/p360/classes/orchestration/AAREG_ArchiveApplicationCommand.cls-meta.xml","","","","","Komponenten finst i main (flytta/gjenoppretta/delvis sletta)","force-app/integration/p360/classes/orchestration/AAREG_ArchiveApplicationCommand.cls | force-app/integration/p360/classes/orchestration/AAREG_ArchiveApplicationCommand.cls-meta.xml","Ikkje undersøkt"
"2026-07-10T23:27:22+02:00","29937202cfdeda8043bf25b03426f2dce0394b74","Sletta","","force-app","ApexClass","AAREG_ArchiveApplicationOrchestrator","force-app/integration/p360/classes/orchestration/AAREG_ArchiveApplicationOrchestrator.cls","","","","","Komponenten finst i main (flytta/gjenoppretta/delvis sletta)","force-app/integration/p360/classes/orchestration/AAREG_ArchiveApplicationOrchestrator.cls | force-app/integration/p360/classes/orchestration/AAREG_ArchiveApplicationOrchestrator.cls-meta.xml","Ikkje undersøkt"
"2026-07-10T23:27:22+02:00","29937202cfdeda8043bf25b03426f2dce0394b74","Sletta","","force-app","ApexClass","AAREG_ArchiveApplicationOrchestrator","force-app/integration/p360/classes/orchestration/AAREG_ArchiveApplicationOrchestrator.cls-meta.xml","","","","","Komponenten finst i main (flytta/gjenoppretta/delvis sletta)","force-app/integration/p360/classes/orchestration/AAREG_ArchiveApplicationOrchestrator.cls | force-app/integration/p360/classes/orchestration/AAREG_ArchiveApplicationOrchestrator.cls-meta.xml","Ikkje undersøkt"
"2026-07-10T23:27:22+02:00","29937202cfdeda8043bf25b03426f2dce0394b74","Sletta","","force-app","ApexClass","AAREG_ArchiveApplicationOrchestratorTest","force-app/integration/p360/classes/orchestration/AAREG_ArchiveApplicationOrchestratorTest.cls","","","","","Komponenten finst i main (flytta/gjenoppretta/delvis sletta)","force-app/tests/classes/integration/p360/orchestration/AAREG_ArchiveApplicationOrchestratorTest.cls | force-app/tests/classes/integration/p360/orchestration/AAREG_ArchiveApplicationOrchestratorTest.cls-meta.xml","Ikkje undersøkt"
"2026-07-10T23:27:22+02:00","29937202cfdeda8043bf25b03426f2dce0394b74","Sletta","","force-app","ApexClass","AAREG_ArchiveApplicationOrchestratorTest","force-app/integration/p360/classes/orchestration/AAREG_ArchiveApplicationOrchestratorTest.cls-meta.xml","","","","","Komponenten finst i main (flytta/gjenoppretta/delvis sletta)","force-app/tests/classes/integration/p360/orchestration/AAREG_ArchiveApplicationOrchestratorTest.cls | force-app/tests/classes/integration/p360/orchestration/AAREG_ArchiveApplicationOrchestratorTest.cls-meta.xml","Ikkje undersøkt"
"2026-07-10T23:27:22+02:00","29937202cfdeda8043bf25b03426f2dce0394b74","Sletta","","force-app","ApexClass","AAREG_ArchiveApplicationResult","force-app/integration/p360/classes/orchestration/AAREG_ArchiveApplicationResult.cls","","","","","Komponenten finst i main (flytta/gjenoppretta/delvis sletta)","force-app/integration/p360/classes/orchestration/AAREG_ArchiveApplicationResult.cls | force-app/integration/p360/classes/orchestration/AAREG_ArchiveApplicationResult.cls-meta.xml","Ikkje undersøkt"
"2026-07-10T23:27:22+02:00","29937202cfdeda8043bf25b03426f2dce0394b74","Sletta","","force-app","ApexClass","AAREG_ArchiveApplicationResult","force-app/integration/p360/classes/orchestration/AAREG_ArchiveApplicationResult.cls-meta.xml","","","","","Komponenten finst i main (flytta/gjenoppretta/delvis sletta)","force-app/integration/p360/classes/orchestration/AAREG_ArchiveApplicationResult.cls | force-app/integration/p360/classes/orchestration/AAREG_ArchiveApplicationResult.cls-meta.xml","Ikkje undersøkt"
"2026-07-10T13:33:01+02:00","ac3b22c2e34bad5266b47f1bd35626fcafc5a214","Flytta (same filnamn)","072","force-app","ApexClass","P360_ArchiveAdapterTest","force-app/tests/classes/integration/p360/adapter/P360_ArchiveAdapterTest.cls-meta.xml","force-app/integration/p360/classes/adapter/P360_ArchiveAdapterTest.cls-meta.xml","ApexClass","P360_ArchiveAdapterTest","Berre metadata-sidefil; mogleg feilkopling","Komponenten finst i main (flytta/gjenoppretta/delvis sletta)","force-app/tests/classes/integration/p360/adapter/P360_ArchiveAdapterTest.cls | force-app/tests/classes/integration/p360/adapter/P360_ArchiveAdapterTest.cls-meta.xml","Ikkje undersøkt"
"2026-07-10T13:33:01+02:00","ac3b22c2e34bad5266b47f1bd35626fcafc5a214","Flytta (same filnamn)","072","force-app","ApexClass","P360_StubArchiveAdapterTest","force-app/tests/classes/integration/p360/adapter/P360_StubArchiveAdapterTest.cls-meta.xml","force-app/integration/p360/classes/adapter/P360_StubArchiveAdapterTest.cls-meta.xml","ApexClass","P360_StubArchiveAdapterTest","Berre metadata-sidefil; mogleg feilkopling","Komponenten finst i main (flytta/gjenoppretta/delvis sletta)","force-app/tests/classes/integration/p360/adapter/P360_StubArchiveAdapterTest.cls | force-app/tests/classes/integration/p360/adapter/P360_StubArchiveAdapterTest.cls-meta.xml","Ikkje undersøkt"
"2026-07-10T13:33:01+02:00","ac3b22c2e34bad5266b47f1bd35626fcafc5a214","Flytta (same filnamn)","072","force-app","ApexClass","P360_RpcClientTest","force-app/tests/classes/integration/p360/client/P360_RpcClientTest.cls-meta.xml","force-app/integration/p360/classes/client/P360_RpcClientTest.cls-meta.xml","ApexClass","P360_RpcClientTest","Berre metadata-sidefil; mogleg feilkopling","Komponenten finst i main (flytta/gjenoppretta/delvis sletta)","force-app/tests/classes/integration/p360/client/P360_RpcClientTest.cls | force-app/tests/classes/integration/p360/client/P360_RpcClientTest.cls-meta.xml","Ikkje undersøkt"
"2026-07-10T13:33:01+02:00","ac3b22c2e34bad5266b47f1bd35626fcafc5a214","Endra filnamn (Git-heuristikk)","072","force-app","ApexClass","P360_ArchiveDtoTest","force-app/tests/classes/integration/p360/contract/dto/P360_ArchiveDtoTest.cls-meta.xml","force-app/integration/p360/classes/contract/P360_ContractDtoTest.cls-meta.xml","ApexClass","P360_ContractDtoTest","Berre metadata-sidefil; mogleg feilkopling","Ikkje i main; sjekk org","","Ikkje undersøkt"
"2026-07-10T13:33:01+02:00","ac3b22c2e34bad5266b47f1bd35626fcafc5a214","Flytta (same filnamn)","072","force-app","ApexClass","AAREG_AgreementDomainServiceTest","force-app/tests/classes/integration/p360/domain/AAREG_AgreementDomainServiceTest.cls-meta.xml","force-app/integration/p360/classes/domain/AAREG_AgreementDomainServiceTest.cls-meta.xml","ApexClass","AAREG_AgreementDomainServiceTest","Berre metadata-sidefil; mogleg feilkopling","Komponenten finst i main (flytta/gjenoppretta/delvis sletta)","force-app/tests/classes/integration/p360/domain/AAREG_AgreementDomainServiceTest.cls | force-app/tests/classes/integration/p360/domain/AAREG_AgreementDomainServiceTest.cls-meta.xml","Ikkje undersøkt"
"2026-07-10T13:33:01+02:00","ac3b22c2e34bad5266b47f1bd35626fcafc5a214","Flytta (same filnamn)","072","force-app","ApexClass","AAREG_ApplicationDomainServiceTest","force-app/tests/classes/integration/p360/domain/AAREG_ApplicationDomainServiceTest.cls-meta.xml","force-app/integration/p360/classes/domain/AAREG_ApplicationDomainServiceTest.cls-meta.xml","ApexClass","AAREG_ApplicationDomainServiceTest","Berre metadata-sidefil; mogleg feilkopling","Komponenten finst i main (flytta/gjenoppretta/delvis sletta)","force-app/tests/classes/integration/p360/domain/AAREG_ApplicationDomainServiceTest.cls | force-app/tests/classes/integration/p360/domain/AAREG_ApplicationDomainServiceTest.cls-meta.xml","Ikkje undersøkt"
"2026-07-10T13:33:01+02:00","ac3b22c2e34bad5266b47f1bd35626fcafc5a214","Flytta (same filnamn)","072","force-app","ApexClass","P360_ExceptionTest","force-app/tests/classes/integration/p360/exception/P360_ExceptionTest.cls-meta.xml","force-app/integration/p360/classes/exception/P360_ExceptionTest.cls-meta.xml","ApexClass","P360_ExceptionTest","Berre metadata-sidefil; mogleg feilkopling","Ikkje i main; sjekk org","","Ikkje undersøkt"
"2026-07-10T13:33:01+02:00","ac3b22c2e34bad5266b47f1bd35626fcafc5a214","Flytta (same filnamn)","092","force-app","ApexClass","AAREG_ArchiveApplicationOrchestratorTest","force-app/tests/classes/integration/p360/orchestration/AAREG_ArchiveApplicationOrchestratorTest.cls-meta.xml","force-app/integration/p360/classes/orchestration/AAREG_ArchiveApplicationOrchestratorTest.cls-meta.xml","ApexClass","AAREG_ArchiveApplicationOrchestratorTest","Berre metadata-sidefil; mogleg feilkopling","Komponenten finst i main (flytta/gjenoppretta/delvis sletta)","force-app/tests/classes/integration/p360/orchestration/AAREG_ArchiveApplicationOrchestratorTest.cls | force-app/tests/classes/integration/p360/orchestration/AAREG_ArchiveApplicationOrchestratorTest.cls-meta.xml","Ikkje undersøkt"
"2026-07-10T13:33:01+02:00","ac3b22c2e34bad5266b47f1bd35626fcafc5a214","Sletta","","force-app","ApexClass","P360_ArchiveAdapterTest","force-app/tests/classes/integration/p360/adapter/P360_ArchiveAdapterTest.cls","","","","","Komponenten finst i main (flytta/gjenoppretta/delvis sletta)","force-app/tests/classes/integration/p360/adapter/P360_ArchiveAdapterTest.cls | force-app/tests/classes/integration/p360/adapter/P360_ArchiveAdapterTest.cls-meta.xml","Ikkje undersøkt"
"2026-07-10T13:33:01+02:00","ac3b22c2e34bad5266b47f1bd35626fcafc5a214","Sletta","","force-app","ApexClass","P360_StubArchiveAdapterTest","force-app/tests/classes/integration/p360/adapter/P360_StubArchiveAdapterTest.cls","","","","","Komponenten finst i main (flytta/gjenoppretta/delvis sletta)","force-app/tests/classes/integration/p360/adapter/P360_StubArchiveAdapterTest.cls | force-app/tests/classes/integration/p360/adapter/P360_StubArchiveAdapterTest.cls-meta.xml","Ikkje undersøkt"
"2026-07-10T13:33:01+02:00","ac3b22c2e34bad5266b47f1bd35626fcafc5a214","Sletta","","force-app","ApexClass","P360_RpcClientTest","force-app/tests/classes/integration/p360/client/P360_RpcClientTest.cls","","","","","Komponenten finst i main (flytta/gjenoppretta/delvis sletta)","force-app/tests/classes/integration/p360/client/P360_RpcClientTest.cls | force-app/tests/classes/integration/p360/client/P360_RpcClientTest.cls-meta.xml","Ikkje undersøkt"
"2026-07-10T13:33:01+02:00","ac3b22c2e34bad5266b47f1bd35626fcafc5a214","Sletta","","force-app","ApexClass","P360_ArchiveDtoTest","force-app/tests/classes/integration/p360/contract/dto/P360_ArchiveDtoTest.cls","","","","","Ikkje i main; sjekk org","","Ikkje undersøkt"
"2026-07-10T13:33:01+02:00","ac3b22c2e34bad5266b47f1bd35626fcafc5a214","Sletta","","force-app","ApexClass","P360_RpcDtoTest","force-app/tests/classes/integration/p360/contract/dto/P360_RpcDtoTest.cls","","","","","Ikkje i main; sjekk org","","Ikkje undersøkt"
"2026-07-10T13:33:01+02:00","ac3b22c2e34bad5266b47f1bd35626fcafc5a214","Sletta","","force-app","ApexClass","P360_RpcDtoTest","force-app/tests/classes/integration/p360/contract/dto/P360_RpcDtoTest.cls-meta.xml","","","","","Ikkje i main; sjekk org","","Ikkje undersøkt"
"2026-07-10T13:33:01+02:00","ac3b22c2e34bad5266b47f1bd35626fcafc5a214","Sletta","","force-app","ApexClass","AAREG_AgreementDomainServiceTest","force-app/tests/classes/integration/p360/domain/AAREG_AgreementDomainServiceTest.cls","","","","","Komponenten finst i main (flytta/gjenoppretta/delvis sletta)","force-app/tests/classes/integration/p360/domain/AAREG_AgreementDomainServiceTest.cls | force-app/tests/classes/integration/p360/domain/AAREG_AgreementDomainServiceTest.cls-meta.xml","Ikkje undersøkt"
"2026-07-10T13:33:01+02:00","ac3b22c2e34bad5266b47f1bd35626fcafc5a214","Sletta","","force-app","ApexClass","AAREG_ApplicationDomainServiceTest","force-app/tests/classes/integration/p360/domain/AAREG_ApplicationDomainServiceTest.cls","","","","","Komponenten finst i main (flytta/gjenoppretta/delvis sletta)","force-app/tests/classes/integration/p360/domain/AAREG_ApplicationDomainServiceTest.cls | force-app/tests/classes/integration/p360/domain/AAREG_ApplicationDomainServiceTest.cls-meta.xml","Ikkje undersøkt"
"2026-07-10T13:33:01+02:00","ac3b22c2e34bad5266b47f1bd35626fcafc5a214","Sletta","","force-app","ApexClass","P360_ExceptionTest","force-app/tests/classes/integration/p360/exception/P360_ExceptionTest.cls","","","","","Ikkje i main; sjekk org","","Ikkje undersøkt"
"2026-07-10T13:33:01+02:00","ac3b22c2e34bad5266b47f1bd35626fcafc5a214","Sletta","","force-app","ApexClass","AAREG_ArchiveApplicationCommandTest","force-app/tests/classes/integration/p360/orchestration/AAREG_ArchiveApplicationCommandTest.cls","","","","","Ikkje i main; sjekk org","","Ikkje undersøkt"
"2026-07-10T13:33:01+02:00","ac3b22c2e34bad5266b47f1bd35626fcafc5a214","Sletta","","force-app","ApexClass","AAREG_ArchiveApplicationCommandTest","force-app/tests/classes/integration/p360/orchestration/AAREG_ArchiveApplicationCommandTest.cls-meta.xml","","","","","Ikkje i main; sjekk org","","Ikkje undersøkt"
"2026-07-10T13:33:01+02:00","ac3b22c2e34bad5266b47f1bd35626fcafc5a214","Sletta","","force-app","ApexClass","AAREG_ArchiveApplicationOrchestratorTest","force-app/tests/classes/integration/p360/orchestration/AAREG_ArchiveApplicationOrchestratorTest.cls","","","","","Komponenten finst i main (flytta/gjenoppretta/delvis sletta)","force-app/tests/classes/integration/p360/orchestration/AAREG_ArchiveApplicationOrchestratorTest.cls | force-app/tests/classes/integration/p360/orchestration/AAREG_ArchiveApplicationOrchestratorTest.cls-meta.xml","Ikkje undersøkt"
"2026-07-10T13:33:01+02:00","ac3b22c2e34bad5266b47f1bd35626fcafc5a214","Sletta","","force-app","ApexClass","AAREG_ArchiveApplicationResultTest","force-app/tests/classes/integration/p360/orchestration/AAREG_ArchiveApplicationResultTest.cls","","","","","Ikkje i main; sjekk org","","Ikkje undersøkt"
"2026-07-10T13:33:01+02:00","ac3b22c2e34bad5266b47f1bd35626fcafc5a214","Sletta","","force-app","ApexClass","AAREG_ArchiveApplicationResultTest","force-app/tests/classes/integration/p360/orchestration/AAREG_ArchiveApplicationResultTest.cls-meta.xml","","","","","Ikkje i main; sjekk org","","Ikkje undersøkt"
"2026-07-09T23:17:01+02:00","5a803714fb29c986baf2a6cde81fb2c84548dd77","Sletta","","force-app","ApexClass","AAREG_ContactSupportControllerTest","force-app/aareg_Dialog/classes/AAREG_ContactSupportControllerTest.cls","","","","","Komponenten finst i main (flytta/gjenoppretta/delvis sletta)","force-app/dialog/classes/AAREG_ContactSupportControllerTest.cls | force-app/dialog/classes/AAREG_ContactSupportControllerTest.cls-meta.xml","Ikkje undersøkt"
"2026-07-09T23:17:01+02:00","5a803714fb29c986baf2a6cde81fb2c84548dd77","Sletta","","force-app","ApexClass","AAREG_ContactSupportControllerTest","force-app/aareg_Dialog/classes/AAREG_ContactSupportControllerTest.cls-meta.xml","","","","","Komponenten finst i main (flytta/gjenoppretta/delvis sletta)","force-app/dialog/classes/AAREG_ContactSupportControllerTest.cls | force-app/dialog/classes/AAREG_ContactSupportControllerTest.cls-meta.xml","Ikkje undersøkt"
"2026-07-09T23:17:01+02:00","5a803714fb29c986baf2a6cde81fb2c84548dd77","Sletta","","force-app","ApexClass","AAREG_MyThreadsController","force-app/aareg_Dialog/classes/AAREG_MyThreadsController.cls","","","","","Komponenten finst i main (flytta/gjenoppretta/delvis sletta)","force-app/dialog/classes/AAREG_MyThreadsController.cls | force-app/dialog/classes/AAREG_MyThreadsController.cls-meta.xml","Ikkje undersøkt"
"2026-07-09T23:17:01+02:00","5a803714fb29c986baf2a6cde81fb2c84548dd77","Sletta","","force-app","ApexClass","AAREG_MyThreadsController","force-app/aareg_Dialog/classes/AAREG_MyThreadsController.cls-meta.xml","","","","","Komponenten finst i main (flytta/gjenoppretta/delvis sletta)","force-app/dialog/classes/AAREG_MyThreadsController.cls | force-app/dialog/classes/AAREG_MyThreadsController.cls-meta.xml","Ikkje undersøkt"
"2026-07-09T23:17:01+02:00","5a803714fb29c986baf2a6cde81fb2c84548dd77","Sletta","","force-app","ApexClass","AAREG_MyThreadsControllerTest","force-app/aareg_Dialog/classes/AAREG_MyThreadsControllerTest.cls","","","","","Komponenten finst i main (flytta/gjenoppretta/delvis sletta)","force-app/dialog/classes/AAREG_MyThreadsControllerTest.cls | force-app/dialog/classes/AAREG_MyThreadsControllerTest.cls-meta.xml","Ikkje undersøkt"
"2026-07-09T23:17:01+02:00","5a803714fb29c986baf2a6cde81fb2c84548dd77","Sletta","","force-app","ApexClass","AAREG_MyThreadsControllerTest","force-app/aareg_Dialog/classes/AAREG_MyThreadsControllerTest.cls-meta.xml","","","","","Komponenten finst i main (flytta/gjenoppretta/delvis sletta)","force-app/dialog/classes/AAREG_MyThreadsControllerTest.cls | force-app/dialog/classes/AAREG_MyThreadsControllerTest.cls-meta.xml","Ikkje undersøkt"
"2026-07-09T23:17:01+02:00","5a803714fb29c986baf2a6cde81fb2c84548dd77","Sletta","","force-app","ApexClass","AAREG_contactSupportController","force-app/aareg_Dialog/classes/AAREG_contactSupportController.cls","","","","","Komponenten finst i main (flytta/gjenoppretta/delvis sletta)","force-app/dialog/classes/AAREG_contactSupportController.cls | force-app/dialog/classes/AAREG_contactSupportController.cls-meta.xml","Ikkje undersøkt"
"2026-07-09T23:17:01+02:00","5a803714fb29c986baf2a6cde81fb2c84548dd77","Sletta","","force-app","ApexClass","AAREG_DistributionAccessMock","force-app/aareg_DistributionAccess/classes/AAREG_DistributionAccessMock.cls-meta.xml","","","","","Komponenten finst i main (flytta/gjenoppretta/delvis sletta)","force-app/integration/distributionAccess/classes/AAREG_DistributionAccessMock.cls | force-app/integration/distributionAccess/classes/AAREG_DistributionAccessMock.cls-meta.xml","Ikkje undersøkt"
"2026-07-09T23:17:01+02:00","5a803714fb29c986baf2a6cde81fb2c84548dd77","Sletta","","force-app","ApexClass","AAREG_distributionAccessController","force-app/aareg_DistributionAccess/classes/AAREG_distributionAccessController.cls","","","","","Komponenten finst i main (flytta/gjenoppretta/delvis sletta)","force-app/integration/distributionAccess/classes/AAREG_distributionAccessController.cls | force-app/integration/distributionAccess/classes/AAREG_distributionAccessController.cls-meta.xml","Ikkje undersøkt"
"2026-07-09T23:17:01+02:00","5a803714fb29c986baf2a6cde81fb2c84548dd77","Sletta","","force-app","ApexClass","AAREG_distributionAccessController","force-app/aareg_DistributionAccess/classes/AAREG_distributionAccessController.cls-meta.xml","","","","","Komponenten finst i main (flytta/gjenoppretta/delvis sletta)","force-app/integration/distributionAccess/classes/AAREG_distributionAccessController.cls | force-app/integration/distributionAccess/classes/AAREG_distributionAccessController.cls-meta.xml","Ikkje undersøkt"
"2026-07-09T23:17:01+02:00","5a803714fb29c986baf2a6cde81fb2c84548dd77","Sletta","","force-app","ApexClass","AAREG_distributionAccessControllerTest","force-app/aareg_DistributionAccess/classes/AAREG_distributionAccessControllerTest.cls","","","","","Komponenten finst i main (flytta/gjenoppretta/delvis sletta)","force-app/integration/distributionAccess/classes/AAREG_distributionAccessControllerTest.cls | force-app/integration/distributionAccess/classes/AAREG_distributionAccessControllerTest.cls-meta.xml","Ikkje undersøkt"
"2026-07-09T23:17:01+02:00","5a803714fb29c986baf2a6cde81fb2c84548dd77","Sletta","","force-app","ApexClass","AAREG_distributionAccessControllerTest","force-app/aareg_DistributionAccess/classes/AAREG_distributionAccessControllerTest.cls-meta.xml","","","","","Komponenten finst i main (flytta/gjenoppretta/delvis sletta)","force-app/integration/distributionAccess/classes/AAREG_distributionAccessControllerTest.cls | force-app/integration/distributionAccess/classes/AAREG_distributionAccessControllerTest.cls-meta.xml","Ikkje undersøkt"
"2026-07-09T23:17:01+02:00","5a803714fb29c986baf2a6cde81fb2c84548dd77","Sletta","","force-app","ApexClass","AAREG_distributionAccessRequest","force-app/aareg_DistributionAccess/classes/AAREG_distributionAccessRequest.cls","","","","","Komponenten finst i main (flytta/gjenoppretta/delvis sletta)","force-app/integration/distributionAccess/classes/AAREG_distributionAccessRequest.cls | force-app/integration/distributionAccess/classes/AAREG_distributionAccessRequest.cls-meta.xml","Ikkje undersøkt"
"2026-07-09T23:17:01+02:00","5a803714fb29c986baf2a6cde81fb2c84548dd77","Sletta","","force-app","ApexClass","AAREG_distributionAccessRequest","force-app/aareg_DistributionAccess/classes/AAREG_distributionAccessRequest.cls-meta.xml","","","","","Komponenten finst i main (flytta/gjenoppretta/delvis sletta)","force-app/integration/distributionAccess/classes/AAREG_distributionAccessRequest.cls | force-app/integration/distributionAccess/classes/AAREG_distributionAccessRequest.cls-meta.xml","Ikkje undersøkt"
"2026-07-09T23:17:01+02:00","5a803714fb29c986baf2a6cde81fb2c84548dd77","Sletta","","force-app","ApexClass","AAREG_Agreement","force-app/agreementExternal/classes/AAREG_Agreement.cls","","","","","Komponenten finst i main (flytta/gjenoppretta/delvis sletta)","force-app/externalAgreement/classes/AAREG_Agreement.cls | force-app/externalAgreement/classes/AAREG_Agreement.cls-meta.xml","Ikkje undersøkt"
"2026-07-09T23:17:01+02:00","5a803714fb29c986baf2a6cde81fb2c84548dd77","Sletta","","force-app","ApexClass","AAREG_MyAgreementsController","force-app/agreementExternal/classes/AAREG_MyAgreementsController.cls","","","","","Komponenten finst i main (flytta/gjenoppretta/delvis sletta)","force-app/externalAgreement/classes/AAREG_MyAgreementsController.cls | force-app/externalAgreement/classes/AAREG_MyAgreementsController.cls-meta.xml","Ikkje undersøkt"
"2026-07-09T23:17:01+02:00","5a803714fb29c986baf2a6cde81fb2c84548dd77","Sletta","","force-app","ApexClass","AAREG_MyAgreementsController","force-app/agreementExternal/classes/AAREG_MyAgreementsController.cls-meta.xml","","","","","Komponenten finst i main (flytta/gjenoppretta/delvis sletta)","force-app/externalAgreement/classes/AAREG_MyAgreementsController.cls | force-app/externalAgreement/classes/AAREG_MyAgreementsController.cls-meta.xml","Ikkje undersøkt"
"2026-07-09T23:17:01+02:00","5a803714fb29c986baf2a6cde81fb2c84548dd77","Sletta","","force-app","ApexClass","AAREG_MyAgreementsControllerTest","force-app/agreementExternal/classes/AAREG_MyAgreementsControllerTest.cls-meta.xml","","","","","Komponenten finst i main (flytta/gjenoppretta/delvis sletta)","force-app/externalAgreement/classes/AAREG_MyAgreementsControllerTest.cls | force-app/externalAgreement/classes/AAREG_MyAgreementsControllerTest.cls-meta.xml","Ikkje undersøkt"
"2026-07-09T23:17:01+02:00","5a803714fb29c986baf2a6cde81fb2c84548dd77","Flytta (same filnamn)","100","force-app","ApexClass","AAREG_contactSupportController","force-app/aareg_Dialog/classes/AAREG_contactSupportController.cls-meta.xml","force-app/dialog/classes/AAREG_contactSupportController.cls-meta.xml","ApexClass","AAREG_contactSupportController","Berre metadata-sidefil; mogleg feilkopling","Komponenten finst i main (flytta/gjenoppretta/delvis sletta)","force-app/dialog/classes/AAREG_contactSupportController.cls | force-app/dialog/classes/AAREG_contactSupportController.cls-meta.xml","Ikkje undersøkt"
"2026-07-09T23:17:01+02:00","5a803714fb29c986baf2a6cde81fb2c84548dd77","Flytta (same filnamn)","100","force-app","CustomMetadata","AAREG_Setting.ThreadRecordTypeName","force-app/aareg_Dialog/customMetadata/AAREG_Setting.ThreadRecordTypeName.md-meta.xml","force-app/dialog/customMetadata/AAREG_Setting.ThreadRecordTypeName.md-meta.xml","CustomMetadata","AAREG_Setting.ThreadRecordTypeName","Git-heuristikk; ikkje API-verifisert","Komponenten finst i main (flytta/gjenoppretta/delvis sletta)","force-app/dialog/customMetadata/AAREG_Setting.ThreadRecordTypeName.md-meta.xml","Ikkje undersøkt"
"2026-07-09T23:17:01+02:00","5a803714fb29c986baf2a6cde81fb2c84548dd77","Flytta (same filnamn)","100","force-app","CustomObject","AAREG_Setting__mdt","force-app/aareg_Dialog/objects/AAREG_Setting__mdt/AAREG_Setting__mdt.object-meta.xml","force-app/dialog/objects/AAREG_Setting__mdt/AAREG_Setting__mdt.object-meta.xml","CustomObject","AAREG_Setting__mdt","Git-heuristikk; ikkje API-verifisert","Komponenten finst i main (flytta/gjenoppretta/delvis sletta)","force-app/dialog/objects/AAREG_Setting__mdt/AAREG_Setting__mdt.object-meta.xml","Ikkje undersøkt"
"2026-07-09T23:17:01+02:00","5a803714fb29c986baf2a6cde81fb2c84548dd77","Flytta (same filnamn)","100","force-app","CustomField","AAREG_Setting__mdt.Value__c","force-app/aareg_Dialog/objects/AAREG_Setting__mdt/fields/Value__c.field-meta.xml","force-app/dialog/objects/AAREG_Setting__mdt/fields/Value__c.field-meta.xml","CustomField","AAREG_Setting__mdt.Value__c","Git-heuristikk; ikkje API-verifisert","Komponenten finst i main (flytta/gjenoppretta/delvis sletta)","force-app/dialog/objects/AAREG_Setting__mdt/fields/Value__c.field-meta.xml","Ikkje undersøkt"
"2026-07-09T23:17:01+02:00","5a803714fb29c986baf2a6cde81fb2c84548dd77","Flytta (same filnamn)","059","force-app","ApexClass","AAREG_MyAgreementsControllerTest","force-app/agreementExternal/classes/AAREG_MyAgreementsControllerTest.cls","force-app/externalAgreement/classes/AAREG_MyAgreementsControllerTest.cls","ApexClass","AAREG_MyAgreementsControllerTest","Git-heuristikk; ikkje API-verifisert","Komponenten finst i main (flytta/gjenoppretta/delvis sletta)","force-app/externalAgreement/classes/AAREG_MyAgreementsControllerTest.cls | force-app/externalAgreement/classes/AAREG_MyAgreementsControllerTest.cls-meta.xml","Ikkje undersøkt"
"2026-07-09T23:17:01+02:00","5a803714fb29c986baf2a6cde81fb2c84548dd77","Flytta (same filnamn)","100","force-app","LightningComponentBundle","aareg_agreementContacts","force-app/agreementExternal/lwc/aareg_agreementContacts/aareg_agreementContacts.css","force-app/externalAgreement/lwc/aareg_agreementContacts/aareg_agreementContacts.css","LightningComponentBundle","aareg_agreementContacts","Git-heuristikk; ikkje API-verifisert","Komponenten finst i main (flytta/gjenoppretta/delvis sletta)","force-app/externalAgreement/lwc/aareg_agreementContacts/aareg_agreementContacts.css | force-app/externalAgreement/lwc/aareg_agreementContacts/aareg_agreementContacts.html | force-app/externalAgreement/lwc/aareg_agreementContacts/aareg_agreementContacts.js | force-app/externalAgreement/lwc/aareg_agreementContacts/aareg_agreementContacts.js-meta.xml","Ikkje undersøkt"
"2026-07-09T23:17:01+02:00","5a803714fb29c986baf2a6cde81fb2c84548dd77","Flytta (same filnamn)","100","force-app","LightningComponentBundle","aareg_agreementContacts","force-app/agreementExternal/lwc/aareg_agreementContacts/aareg_agreementContacts.html","force-app/externalAgreement/lwc/aareg_agreementContacts/aareg_agreementContacts.html","LightningComponentBundle","aareg_agreementContacts","Git-heuristikk; ikkje API-verifisert","Komponenten finst i main (flytta/gjenoppretta/delvis sletta)","force-app/externalAgreement/lwc/aareg_agreementContacts/aareg_agreementContacts.css | force-app/externalAgreement/lwc/aareg_agreementContacts/aareg_agreementContacts.html | force-app/externalAgreement/lwc/aareg_agreementContacts/aareg_agreementContacts.js | force-app/externalAgreement/lwc/aareg_agreementContacts/aareg_agreementContacts.js-meta.xml","Ikkje undersøkt"
"2026-07-09T23:17:01+02:00","5a803714fb29c986baf2a6cde81fb2c84548dd77","Flytta (same filnamn)","100","force-app","LightningComponentBundle","aareg_agreementContacts","force-app/agreementExternal/lwc/aareg_agreementContacts/aareg_agreementContacts.js","force-app/externalAgreement/lwc/aareg_agreementContacts/aareg_agreementContacts.js","LightningComponentBundle","aareg_agreementContacts","Git-heuristikk; ikkje API-verifisert","Komponenten finst i main (flytta/gjenoppretta/delvis sletta)","force-app/externalAgreement/lwc/aareg_agreementContacts/aareg_agreementContacts.css | force-app/externalAgreement/lwc/aareg_agreementContacts/aareg_agreementContacts.html | force-app/externalAgreement/lwc/aareg_agreementContacts/aareg_agreementContacts.js | force-app/externalAgreement/lwc/aareg_agreementContacts/aareg_agreementContacts.js-meta.xml","Ikkje undersøkt"
"2026-07-09T23:17:01+02:00","5a803714fb29c986baf2a6cde81fb2c84548dd77","Flytta (same filnamn)","100","force-app","LightningComponentBundle","aareg_agreementContacts","force-app/agreementExternal/lwc/aareg_agreementContacts/aareg_agreementContacts.js-meta.xml","force-app/externalAgreement/lwc/aareg_agreementContacts/aareg_agreementContacts.js-meta.xml","LightningComponentBundle","aareg_agreementContacts","Git-heuristikk; ikkje API-verifisert","Komponenten finst i main (flytta/gjenoppretta/delvis sletta)","force-app/externalAgreement/lwc/aareg_agreementContacts/aareg_agreementContacts.css | force-app/externalAgreement/lwc/aareg_agreementContacts/aareg_agreementContacts.html | force-app/externalAgreement/lwc/aareg_agreementContacts/aareg_agreementContacts.js | force-app/externalAgreement/lwc/aareg_agreementContacts/aareg_agreementContacts.js-meta.xml","Ikkje undersøkt"
"2026-07-09T23:17:01+02:00","5a803714fb29c986baf2a6cde81fb2c84548dd77","Flytta (same filnamn)","100","force-app","LightningComponentBundle","aareg_agreementRevision","force-app/agreementExternal/lwc/aareg_agreementRevision/aareg_agreementRevision.html","force-app/externalAgreement/lwc/aareg_agreementRevision/aareg_agreementRevision.html","LightningComponentBundle","aareg_agreementRevision","Git-heuristikk; ikkje API-verifisert","Komponenten finst i main (flytta/gjenoppretta/delvis sletta)","force-app/externalAgreement/lwc/aareg_agreementRevision/aareg_agreementRevision.html | force-app/externalAgreement/lwc/aareg_agreementRevision/aareg_agreementRevision.js | force-app/externalAgreement/lwc/aareg_agreementRevision/aareg_agreementRevision.js-meta.xml","Ikkje undersøkt"
"2026-07-09T23:17:01+02:00","5a803714fb29c986baf2a6cde81fb2c84548dd77","Flytta (same filnamn)","100","force-app","LightningComponentBundle","aareg_agreementRevision","force-app/agreementExternal/lwc/aareg_agreementRevision/aareg_agreementRevision.js","force-app/externalAgreement/lwc/aareg_agreementRevision/aareg_agreementRevision.js","LightningComponentBundle","aareg_agreementRevision","Git-heuristikk; ikkje API-verifisert","Komponenten finst i main (flytta/gjenoppretta/delvis sletta)","force-app/externalAgreement/lwc/aareg_agreementRevision/aareg_agreementRevision.html | force-app/externalAgreement/lwc/aareg_agreementRevision/aareg_agreementRevision.js | force-app/externalAgreement/lwc/aareg_agreementRevision/aareg_agreementRevision.js-meta.xml","Ikkje undersøkt"
"2026-07-09T23:17:01+02:00","5a803714fb29c986baf2a6cde81fb2c84548dd77","Flytta (same filnamn)","100","force-app","LightningComponentBundle","aareg_agreementRevision","force-app/agreementExternal/lwc/aareg_agreementRevision/aareg_agreementRevision.js-meta.xml","force-app/externalAgreement/lwc/aareg_agreementRevision/aareg_agreementRevision.js-meta.xml","LightningComponentBundle","aareg_agreementRevision","Git-heuristikk; ikkje API-verifisert","Komponenten finst i main (flytta/gjenoppretta/delvis sletta)","force-app/externalAgreement/lwc/aareg_agreementRevision/aareg_agreementRevision.html | force-app/externalAgreement/lwc/aareg_agreementRevision/aareg_agreementRevision.js | force-app/externalAgreement/lwc/aareg_agreementRevision/aareg_agreementRevision.js-meta.xml","Ikkje undersøkt"
"2026-07-09T23:17:01+02:00","5a803714fb29c986baf2a6cde81fb2c84548dd77","Flytta (same filnamn)","100","force-app","ApexClass","AAREG_DistributionAccessMock","force-app/aareg_DistributionAccess/classes/AAREG_DistributionAccessMock.cls","force-app/integration/distributionAccess/classes/AAREG_DistributionAccessMock.cls","ApexClass","AAREG_DistributionAccessMock","Git-heuristikk; ikkje API-verifisert","Komponenten finst i main (flytta/gjenoppretta/delvis sletta)","force-app/integration/distributionAccess/classes/AAREG_DistributionAccessMock.cls | force-app/integration/distributionAccess/classes/AAREG_DistributionAccessMock.cls-meta.xml","Ikkje undersøkt"
"2026-07-09T23:17:01+02:00","5a803714fb29c986baf2a6cde81fb2c84548dd77","Endra filnamn (Git-heuristikk)","080","force-app","ApexClass","AAREG_Agreement","force-app/agreementExternal/classes/AAREG_Agreement.cls-meta.xml","force-app/internalApplicationDecision/classes/AAREG_ApplicationDecisionPDFFileSerTest.cls-meta.xml","ApexClass","AAREG_ApplicationDecisionPDFFileSerTest","Berre metadata-sidefil; mogleg feilkopling","Komponenten finst i main (flytta/gjenoppretta/delvis sletta)","force-app/externalAgreement/classes/AAREG_Agreement.cls | force-app/externalAgreement/classes/AAREG_Agreement.cls-meta.xml","Ikkje undersøkt"
"2026-07-09T07:56:46+02:00","99c9d93db9c256bc57553abffabbb5349a4e5fb3","Sletta","","force-app","ApexClass","DecisionController","force-app/aareg_ApplicationDecisionExternal/classes/DecisionController.cls","","","","","Komponenten finst i main (flytta/gjenoppretta/delvis sletta)","force-app/externalApplicationDecision/classes/DecisionController.cls | force-app/externalApplicationDecision/classes/DecisionController.cls-meta.xml","Ikkje undersøkt"
"2026-07-09T07:56:46+02:00","99c9d93db9c256bc57553abffabbb5349a4e5fb3","Sletta","","force-app","ApexClass","DecisionController","force-app/aareg_ApplicationDecisionExternal/classes/DecisionController.cls-meta.xml","","","","","Komponenten finst i main (flytta/gjenoppretta/delvis sletta)","force-app/externalApplicationDecision/classes/DecisionController.cls | force-app/externalApplicationDecision/classes/DecisionController.cls-meta.xml","Ikkje undersøkt"
"2026-07-09T07:56:46+02:00","99c9d93db9c256bc57553abffabbb5349a4e5fb3","Sletta","","force-app","ApexClass","DecisionControllerTest","force-app/aareg_ApplicationDecisionExternal/classes/DecisionControllerTest.cls","","","","","Komponenten finst i main (flytta/gjenoppretta/delvis sletta)","force-app/externalApplicationDecision/classes/DecisionControllerTest.cls | force-app/externalApplicationDecision/classes/DecisionControllerTest.cls-meta.xml","Ikkje undersøkt"
"2026-07-09T07:56:46+02:00","99c9d93db9c256bc57553abffabbb5349a4e5fb3","Sletta","","force-app","ApexClass","DecisionControllerTest","force-app/aareg_ApplicationDecisionExternal/classes/DecisionControllerTest.cls-meta.xml","","","","","Komponenten finst i main (flytta/gjenoppretta/delvis sletta)","force-app/externalApplicationDecision/classes/DecisionControllerTest.cls | force-app/externalApplicationDecision/classes/DecisionControllerTest.cls-meta.xml","Ikkje undersøkt"
"2026-07-09T07:56:46+02:00","99c9d93db9c256bc57553abffabbb5349a4e5fb3","Sletta","","force-app","ApexClass","AAREG_ApplicationInternal","force-app/aareg_ApplicationInternal/classes/AAREG_ApplicationInternal.cls-meta.xml","","","","","Komponenten finst i main (flytta/gjenoppretta/delvis sletta)","force-app/internalApplication/classes/AAREG_ApplicationInternal.cls | force-app/internalApplication/classes/AAREG_ApplicationInternal.cls-meta.xml","Ikkje undersøkt"
"2026-07-09T07:56:46+02:00","99c9d93db9c256bc57553abffabbb5349a4e5fb3","Sletta","","force-app","ApexClass","AAREG_ApplicationInternalController","force-app/aareg_ApplicationInternal/classes/AAREG_ApplicationInternalController.cls-meta.xml","","","","","Komponenten finst i main (flytta/gjenoppretta/delvis sletta)","force-app/internalApplication/classes/AAREG_ApplicationInternalController.cls | force-app/internalApplication/classes/AAREG_ApplicationInternalController.cls-meta.xml","Ikkje undersøkt"
"2026-07-09T07:56:46+02:00","99c9d93db9c256bc57553abffabbb5349a4e5fb3","Sletta","","force-app","ApexClass","AAREG_ApplicationInternalControllerTest","force-app/aareg_ApplicationInternal/classes/AAREG_ApplicationInternalControllerTest.cls-meta.xml","","","","","Komponenten finst i main (flytta/gjenoppretta/delvis sletta)","force-app/internalApplication/classes/AAREG_ApplicationInternalControllerTest.cls | force-app/internalApplication/classes/AAREG_ApplicationInternalControllerTest.cls-meta.xml","Ikkje undersøkt"
"2026-07-09T07:56:46+02:00","99c9d93db9c256bc57553abffabbb5349a4e5fb3","Sletta","","force-app","ApexClass","AAREG_BasisCodesInternal","force-app/aareg_ApplicationInternal/classes/AAREG_BasisCodesInternal.cls-meta.xml","","","","","Komponenten finst i main (flytta/gjenoppretta/delvis sletta)","force-app/internalApplication/classes/AAREG_BasisCodesInternal.cls | force-app/internalApplication/classes/AAREG_BasisCodesInternal.cls-meta.xml","Ikkje undersøkt"
"2026-07-09T07:56:46+02:00","99c9d93db9c256bc57553abffabbb5349a4e5fb3","Sletta","","force-app","ApexClass","AAREG_RelatedContactInternal","force-app/aareg_ApplicationInternal/classes/AAREG_RelatedContactInternal.cls-meta.xml","","","","","Komponenten finst i main (flytta/gjenoppretta/delvis sletta)","force-app/internalApplication/classes/AAREG_RelatedContactInternal.cls | force-app/internalApplication/classes/AAREG_RelatedContactInternal.cls-meta.xml","Ikkje undersøkt"
"2026-07-09T07:56:46+02:00","99c9d93db9c256bc57553abffabbb5349a4e5fb3","Flytta (same filnamn)","100","force-app","ApexClass","AAREG_ApplicationInternal","force-app/aareg_ApplicationInternal/classes/AAREG_ApplicationInternal.cls","force-app/internalApplication/classes/AAREG_ApplicationInternal.cls","ApexClass","AAREG_ApplicationInternal","Git-heuristikk; ikkje API-verifisert","Komponenten finst i main (flytta/gjenoppretta/delvis sletta)","force-app/internalApplication/classes/AAREG_ApplicationInternal.cls | force-app/internalApplication/classes/AAREG_ApplicationInternal.cls-meta.xml","Ikkje undersøkt"
"2026-07-09T07:56:46+02:00","99c9d93db9c256bc57553abffabbb5349a4e5fb3","Flytta (same filnamn)","100","force-app","ApexClass","AAREG_ApplicationInternalController","force-app/aareg_ApplicationInternal/classes/AAREG_ApplicationInternalController.cls","force-app/internalApplication/classes/AAREG_ApplicationInternalController.cls","ApexClass","AAREG_ApplicationInternalController","Git-heuristikk; ikkje API-verifisert","Komponenten finst i main (flytta/gjenoppretta/delvis sletta)","force-app/internalApplication/classes/AAREG_ApplicationInternalController.cls | force-app/internalApplication/classes/AAREG_ApplicationInternalController.cls-meta.xml","Ikkje undersøkt"
"2026-07-09T07:56:46+02:00","99c9d93db9c256bc57553abffabbb5349a4e5fb3","Flytta (same filnamn)","051","force-app","ApexClass","AAREG_ApplicationInternalControllerTest","force-app/aareg_ApplicationInternal/classes/AAREG_ApplicationInternalControllerTest.cls","force-app/internalApplication/classes/AAREG_ApplicationInternalControllerTest.cls","ApexClass","AAREG_ApplicationInternalControllerTest","Git-heuristikk; ikkje API-verifisert","Komponenten finst i main (flytta/gjenoppretta/delvis sletta)","force-app/internalApplication/classes/AAREG_ApplicationInternalControllerTest.cls | force-app/internalApplication/classes/AAREG_ApplicationInternalControllerTest.cls-meta.xml","Ikkje undersøkt"
"2026-07-09T07:56:46+02:00","99c9d93db9c256bc57553abffabbb5349a4e5fb3","Flytta (same filnamn)","100","force-app","ApexClass","AAREG_BasisCodesInternal","force-app/aareg_ApplicationInternal/classes/AAREG_BasisCodesInternal.cls","force-app/internalApplication/classes/AAREG_BasisCodesInternal.cls","ApexClass","AAREG_BasisCodesInternal","Git-heuristikk; ikkje API-verifisert","Komponenten finst i main (flytta/gjenoppretta/delvis sletta)","force-app/internalApplication/classes/AAREG_BasisCodesInternal.cls | force-app/internalApplication/classes/AAREG_BasisCodesInternal.cls-meta.xml","Ikkje undersøkt"
"2026-07-09T07:56:46+02:00","99c9d93db9c256bc57553abffabbb5349a4e5fb3","Flytta (same filnamn)","100","force-app","ApexClass","AAREG_RelatedContactInternal","force-app/aareg_ApplicationInternal/classes/AAREG_RelatedContactInternal.cls","force-app/internalApplication/classes/AAREG_RelatedContactInternal.cls","ApexClass","AAREG_RelatedContactInternal","Git-heuristikk; ikkje API-verifisert","Komponenten finst i main (flytta/gjenoppretta/delvis sletta)","force-app/internalApplication/classes/AAREG_RelatedContactInternal.cls | force-app/internalApplication/classes/AAREG_RelatedContactInternal.cls-meta.xml","Ikkje undersøkt"
"2026-07-09T07:56:46+02:00","99c9d93db9c256bc57553abffabbb5349a4e5fb3","Flytta (same filnamn)","100","force-app","LightningComponentBundle","aareg_applicationInternal","force-app/aareg_ApplicationInternal/lwc/aareg_applicationInternal/aareg_applicationInternal.css","force-app/internalApplication/lwc/aareg_applicationInternal/aareg_applicationInternal.css","LightningComponentBundle","aareg_applicationInternal","Git-heuristikk; ikkje API-verifisert","Komponenten finst i main (flytta/gjenoppretta/delvis sletta)","force-app/internalApplication/lwc/aareg_applicationInternal/aareg_applicationInternal.css | force-app/internalApplication/lwc/aareg_applicationInternal/aareg_applicationInternal.html | force-app/internalApplication/lwc/aareg_applicationInternal/aareg_applicationInternal.js | force-app/internalApplication/lwc/aareg_applicationInternal/aareg_applicationInternal.js-meta.xml","Ikkje undersøkt"
"2026-07-09T07:56:46+02:00","99c9d93db9c256bc57553abffabbb5349a4e5fb3","Flytta (same filnamn)","100","force-app","LightningComponentBundle","aareg_applicationInternal","force-app/aareg_ApplicationInternal/lwc/aareg_applicationInternal/aareg_applicationInternal.html","force-app/internalApplication/lwc/aareg_applicationInternal/aareg_applicationInternal.html","LightningComponentBundle","aareg_applicationInternal","Git-heuristikk; ikkje API-verifisert","Komponenten finst i main (flytta/gjenoppretta/delvis sletta)","force-app/internalApplication/lwc/aareg_applicationInternal/aareg_applicationInternal.css | force-app/internalApplication/lwc/aareg_applicationInternal/aareg_applicationInternal.html | force-app/internalApplication/lwc/aareg_applicationInternal/aareg_applicationInternal.js | force-app/internalApplication/lwc/aareg_applicationInternal/aareg_applicationInternal.js-meta.xml","Ikkje undersøkt"
"2026-07-09T07:56:46+02:00","99c9d93db9c256bc57553abffabbb5349a4e5fb3","Flytta (same filnamn)","100","force-app","LightningComponentBundle","aareg_applicationInternal","force-app/aareg_ApplicationInternal/lwc/aareg_applicationInternal/aareg_applicationInternal.js","force-app/internalApplication/lwc/aareg_applicationInternal/aareg_applicationInternal.js","LightningComponentBundle","aareg_applicationInternal","Git-heuristikk; ikkje API-verifisert","Komponenten finst i main (flytta/gjenoppretta/delvis sletta)","force-app/internalApplication/lwc/aareg_applicationInternal/aareg_applicationInternal.css | force-app/internalApplication/lwc/aareg_applicationInternal/aareg_applicationInternal.html | force-app/internalApplication/lwc/aareg_applicationInternal/aareg_applicationInternal.js | force-app/internalApplication/lwc/aareg_applicationInternal/aareg_applicationInternal.js-meta.xml","Ikkje undersøkt"
"2026-07-09T07:56:46+02:00","99c9d93db9c256bc57553abffabbb5349a4e5fb3","Flytta (same filnamn)","100","force-app","LightningComponentBundle","aareg_applicationInternal","force-app/aareg_ApplicationInternal/lwc/aareg_applicationInternal/aareg_applicationInternal.js-meta.xml","force-app/internalApplication/lwc/aareg_applicationInternal/aareg_applicationInternal.js-meta.xml","LightningComponentBundle","aareg_applicationInternal","Git-heuristikk; ikkje API-verifisert","Komponenten finst i main (flytta/gjenoppretta/delvis sletta)","force-app/internalApplication/lwc/aareg_applicationInternal/aareg_applicationInternal.css | force-app/internalApplication/lwc/aareg_applicationInternal/aareg_applicationInternal.html | force-app/internalApplication/lwc/aareg_applicationInternal/aareg_applicationInternal.js | force-app/internalApplication/lwc/aareg_applicationInternal/aareg_applicationInternal.js-meta.xml","Ikkje undersøkt"
"2026-07-08T13:01:13+02:00","36eba55d8471523016e7d68d430a5044c706ba72","Endra filnamn (Git-heuristikk)","060","force-app","Flow","AAREG_createDistributionAccess","force-app/main/default/flows/AAREG_createDistributionAccess.flow-meta.xml","force-app/main/default/flows/AAREG_Agreement_create_distribution_access.flow-meta.xml","Flow","AAREG_Agreement_create_distribution_access","Git-heuristikk; ikkje API-verifisert","Ikkje i main; sjekk org","","Ikkje undersøkt"
"2026-07-02T18:11:07+02:00","bbc17a2918b6bcd71e58a0d529f88c09022482cd","Flytta (same filnamn)","100","force-app","ApexClass","AAREG_ApplicationDecision","force-app/aareg_ApplicationDecisionInternal/classes/AAREG_ApplicationDecision.cls","force-app/internalApplicationDecision/classes/AAREG_ApplicationDecision.cls","ApexClass","AAREG_ApplicationDecision","Git-heuristikk; ikkje API-verifisert","Komponenten finst i main (flytta/gjenoppretta/delvis sletta)","force-app/internalApplicationDecision/classes/AAREG_ApplicationDecision.cls | force-app/internalApplicationDecision/classes/AAREG_ApplicationDecision.cls-meta.xml","Ikkje undersøkt"
"2026-07-02T18:11:07+02:00","bbc17a2918b6bcd71e58a0d529f88c09022482cd","Flytta (same filnamn)","100","force-app","ApexClass","AAREG_ApplicationDecision","force-app/aareg_ApplicationDecisionInternal/classes/AAREG_ApplicationDecision.cls-meta.xml","force-app/internalApplicationDecision/classes/AAREG_ApplicationDecision.cls-meta.xml","ApexClass","AAREG_ApplicationDecision","Source og metadata-sidefil samsvarer","Komponenten finst i main (flytta/gjenoppretta/delvis sletta)","force-app/internalApplicationDecision/classes/AAREG_ApplicationDecision.cls | force-app/internalApplicationDecision/classes/AAREG_ApplicationDecision.cls-meta.xml","Ikkje undersøkt"
"2026-07-02T18:11:07+02:00","bbc17a2918b6bcd71e58a0d529f88c09022482cd","Flytta (same filnamn)","100","force-app","ApexClass","AAREG_ApplicationDecisionController","force-app/aareg_ApplicationDecisionInternal/classes/AAREG_ApplicationDecisionController.cls","force-app/internalApplicationDecision/classes/AAREG_ApplicationDecisionController.cls","ApexClass","AAREG_ApplicationDecisionController","Git-heuristikk; ikkje API-verifisert","Komponenten finst i main (flytta/gjenoppretta/delvis sletta)","force-app/internalApplicationDecision/classes/AAREG_ApplicationDecisionController.cls | force-app/internalApplicationDecision/classes/AAREG_ApplicationDecisionController.cls-meta.xml","Ikkje undersøkt"
"2026-07-02T18:11:07+02:00","bbc17a2918b6bcd71e58a0d529f88c09022482cd","Flytta (same filnamn)","100","force-app","ApexClass","AAREG_ApplicationDecisionController","force-app/aareg_ApplicationDecisionInternal/classes/AAREG_ApplicationDecisionController.cls-meta.xml","force-app/internalApplicationDecision/classes/AAREG_ApplicationDecisionController.cls-meta.xml","ApexClass","AAREG_ApplicationDecisionController","Source og metadata-sidefil samsvarer","Komponenten finst i main (flytta/gjenoppretta/delvis sletta)","force-app/internalApplicationDecision/classes/AAREG_ApplicationDecisionController.cls | force-app/internalApplicationDecision/classes/AAREG_ApplicationDecisionController.cls-meta.xml","Ikkje undersøkt"
"2026-07-02T18:11:07+02:00","bbc17a2918b6bcd71e58a0d529f88c09022482cd","Flytta (same filnamn)","098","force-app","ApexClass","AAREG_ApplicationDecisionControllerTest","force-app/aareg_ApplicationDecisionInternal/classes/AAREG_ApplicationDecisionControllerTest.cls","force-app/internalApplicationDecision/classes/AAREG_ApplicationDecisionControllerTest.cls","ApexClass","AAREG_ApplicationDecisionControllerTest","Git-heuristikk; ikkje API-verifisert","Komponenten finst i main (flytta/gjenoppretta/delvis sletta)","force-app/internalApplicationDecision/classes/AAREG_ApplicationDecisionControllerTest.cls | force-app/internalApplicationDecision/classes/AAREG_ApplicationDecisionControllerTest.cls-meta.xml","Ikkje undersøkt"
"2026-07-02T18:11:07+02:00","bbc17a2918b6bcd71e58a0d529f88c09022482cd","Flytta (same filnamn)","100","force-app","ApexClass","AAREG_ApplicationDecisionControllerTest","force-app/aareg_ApplicationDecisionInternal/classes/AAREG_ApplicationDecisionControllerTest.cls-meta.xml","force-app/internalApplicationDecision/classes/AAREG_ApplicationDecisionControllerTest.cls-meta.xml","ApexClass","AAREG_ApplicationDecisionControllerTest","Source og metadata-sidefil samsvarer","Komponenten finst i main (flytta/gjenoppretta/delvis sletta)","force-app/internalApplicationDecision/classes/AAREG_ApplicationDecisionControllerTest.cls | force-app/internalApplicationDecision/classes/AAREG_ApplicationDecisionControllerTest.cls-meta.xml","Ikkje undersøkt"
"2026-07-02T18:11:07+02:00","bbc17a2918b6bcd71e58a0d529f88c09022482cd","Flytta (same filnamn)","100","force-app","ApexClass","AAREG_ApplicationDecisionPDFController","force-app/aareg_ApplicationDecisionInternal/classes/AAREG_ApplicationDecisionPDFController.cls","force-app/internalApplicationDecision/classes/AAREG_ApplicationDecisionPDFController.cls","ApexClass","AAREG_ApplicationDecisionPDFController","Git-heuristikk; ikkje API-verifisert","Komponenten finst i main (flytta/gjenoppretta/delvis sletta)","force-app/internalApplicationDecision/classes/AAREG_ApplicationDecisionPDFController.cls | force-app/internalApplicationDecision/classes/AAREG_ApplicationDecisionPDFController.cls-meta.xml","Ikkje undersøkt"
"2026-07-02T18:11:07+02:00","bbc17a2918b6bcd71e58a0d529f88c09022482cd","Flytta (same filnamn)","100","force-app","ApexClass","AAREG_ApplicationDecisionPDFController","force-app/aareg_ApplicationDecisionInternal/classes/AAREG_ApplicationDecisionPDFController.cls-meta.xml","force-app/internalApplicationDecision/classes/AAREG_ApplicationDecisionPDFController.cls-meta.xml","ApexClass","AAREG_ApplicationDecisionPDFController","Source og metadata-sidefil samsvarer","Komponenten finst i main (flytta/gjenoppretta/delvis sletta)","force-app/internalApplicationDecision/classes/AAREG_ApplicationDecisionPDFController.cls | force-app/internalApplicationDecision/classes/AAREG_ApplicationDecisionPDFController.cls-meta.xml","Ikkje undersøkt"
"2026-07-02T18:11:07+02:00","bbc17a2918b6bcd71e58a0d529f88c09022482cd","Flytta (same filnamn)","094","force-app","ApexClass","AAREG_ApplicationDecisionPDFCtrlTest","force-app/aareg_ApplicationDecisionInternal/classes/AAREG_ApplicationDecisionPDFCtrlTest.cls","force-app/internalApplicationDecision/classes/AAREG_ApplicationDecisionPDFCtrlTest.cls","ApexClass","AAREG_ApplicationDecisionPDFCtrlTest","Git-heuristikk; ikkje API-verifisert","Komponenten finst i main (flytta/gjenoppretta/delvis sletta)","force-app/internalApplicationDecision/classes/AAREG_ApplicationDecisionPDFCtrlTest.cls | force-app/internalApplicationDecision/classes/AAREG_ApplicationDecisionPDFCtrlTest.cls-meta.xml","Ikkje undersøkt"
"2026-07-02T18:11:07+02:00","bbc17a2918b6bcd71e58a0d529f88c09022482cd","Flytta (same filnamn)","100","force-app","ApexClass","AAREG_ApplicationDecisionPDFCtrlTest","force-app/aareg_ApplicationDecisionInternal/classes/AAREG_ApplicationDecisionPDFCtrlTest.cls-meta.xml","force-app/internalApplicationDecision/classes/AAREG_ApplicationDecisionPDFCtrlTest.cls-meta.xml","ApexClass","AAREG_ApplicationDecisionPDFCtrlTest","Source og metadata-sidefil samsvarer","Komponenten finst i main (flytta/gjenoppretta/delvis sletta)","force-app/internalApplicationDecision/classes/AAREG_ApplicationDecisionPDFCtrlTest.cls | force-app/internalApplicationDecision/classes/AAREG_ApplicationDecisionPDFCtrlTest.cls-meta.xml","Ikkje undersøkt"
"2026-07-02T18:11:07+02:00","bbc17a2918b6bcd71e58a0d529f88c09022482cd","Flytta (same filnamn)","100","force-app","ApexClass","AAREG_ApplicationDecisionPDFFileService","force-app/aareg_ApplicationDecisionInternal/classes/AAREG_ApplicationDecisionPDFFileService.cls","force-app/internalApplicationDecision/classes/AAREG_ApplicationDecisionPDFFileService.cls","ApexClass","AAREG_ApplicationDecisionPDFFileService","Git-heuristikk; ikkje API-verifisert","Komponenten finst i main (flytta/gjenoppretta/delvis sletta)","force-app/internalApplicationDecision/classes/AAREG_ApplicationDecisionPDFFileService.cls | force-app/internalApplicationDecision/classes/AAREG_ApplicationDecisionPDFFileService.cls-meta.xml","Ikkje undersøkt"
"2026-07-02T18:11:07+02:00","bbc17a2918b6bcd71e58a0d529f88c09022482cd","Flytta (same filnamn)","100","force-app","ApexClass","AAREG_ApplicationDecisionPDFFileService","force-app/aareg_ApplicationDecisionInternal/classes/AAREG_ApplicationDecisionPDFFileService.cls-meta.xml","force-app/internalApplicationDecision/classes/AAREG_ApplicationDecisionPDFFileService.cls-meta.xml","ApexClass","AAREG_ApplicationDecisionPDFFileService","Source og metadata-sidefil samsvarer","Komponenten finst i main (flytta/gjenoppretta/delvis sletta)","force-app/internalApplicationDecision/classes/AAREG_ApplicationDecisionPDFFileService.cls | force-app/internalApplicationDecision/classes/AAREG_ApplicationDecisionPDFFileService.cls-meta.xml","Ikkje undersøkt"
"2026-07-02T18:11:07+02:00","bbc17a2918b6bcd71e58a0d529f88c09022482cd","Flytta (same filnamn)","100","force-app","FlexiPage","Arbeidsforhold_application_record_page","force-app/aareg_ApplicationDecisionInternal/flexipages/Arbeidsforhold_application_record_page.flexipage-meta.xml","force-app/internalApplicationDecision/flexipages/Arbeidsforhold_application_record_page.flexipage-meta.xml","FlexiPage","Arbeidsforhold_application_record_page","Git-heuristikk; ikkje API-verifisert","Komponenten finst i main (flytta/gjenoppretta/delvis sletta)","force-app/internalApplicationDecision/flexipages/Arbeidsforhold_application_record_page.flexipage-meta.xml","Ikkje undersøkt"
"2026-07-02T18:11:07+02:00","bbc17a2918b6bcd71e58a0d529f88c09022482cd","Flytta (same filnamn)","100","force-app","LightningComponentBundle","aareg_applicationInternalDecision","force-app/aareg_ApplicationDecisionInternal/lwc/aareg_applicationInternalDecision/aareg_applicationInternalDecision.html","force-app/internalApplicationDecision/lwc/aareg_applicationInternalDecision/aareg_applicationInternalDecision.html","LightningComponentBundle","aareg_applicationInternalDecision","Git-heuristikk; ikkje API-verifisert","Komponenten finst i main (flytta/gjenoppretta/delvis sletta)","force-app/internalApplicationDecision/lwc/aareg_applicationInternalDecision/aareg_applicationInternalDecision.html | force-app/internalApplicationDecision/lwc/aareg_applicationInternalDecision/aareg_applicationInternalDecision.js | force-app/internalApplicationDecision/lwc/aareg_applicationInternalDecision/aareg_applicationInternalDecision.js-meta.xml","Ikkje undersøkt"
"2026-07-02T18:11:07+02:00","bbc17a2918b6bcd71e58a0d529f88c09022482cd","Flytta (same filnamn)","100","force-app","LightningComponentBundle","aareg_applicationInternalDecision","force-app/aareg_ApplicationDecisionInternal/lwc/aareg_applicationInternalDecision/aareg_applicationInternalDecision.js","force-app/internalApplicationDecision/lwc/aareg_applicationInternalDecision/aareg_applicationInternalDecision.js","LightningComponentBundle","aareg_applicationInternalDecision","Git-heuristikk; ikkje API-verifisert","Komponenten finst i main (flytta/gjenoppretta/delvis sletta)","force-app/internalApplicationDecision/lwc/aareg_applicationInternalDecision/aareg_applicationInternalDecision.html | force-app/internalApplicationDecision/lwc/aareg_applicationInternalDecision/aareg_applicationInternalDecision.js | force-app/internalApplicationDecision/lwc/aareg_applicationInternalDecision/aareg_applicationInternalDecision.js-meta.xml","Ikkje undersøkt"
"2026-07-02T18:11:07+02:00","bbc17a2918b6bcd71e58a0d529f88c09022482cd","Flytta (same filnamn)","100","force-app","LightningComponentBundle","aareg_applicationInternalDecision","force-app/aareg_ApplicationDecisionInternal/lwc/aareg_applicationInternalDecision/aareg_applicationInternalDecision.js-meta.xml","force-app/internalApplicationDecision/lwc/aareg_applicationInternalDecision/aareg_applicationInternalDecision.js-meta.xml","LightningComponentBundle","aareg_applicationInternalDecision","Git-heuristikk; ikkje API-verifisert","Komponenten finst i main (flytta/gjenoppretta/delvis sletta)","force-app/internalApplicationDecision/lwc/aareg_applicationInternalDecision/aareg_applicationInternalDecision.html | force-app/internalApplicationDecision/lwc/aareg_applicationInternalDecision/aareg_applicationInternalDecision.js | force-app/internalApplicationDecision/lwc/aareg_applicationInternalDecision/aareg_applicationInternalDecision.js-meta.xml","Ikkje undersøkt"
"2026-07-02T18:11:07+02:00","bbc17a2918b6bcd71e58a0d529f88c09022482cd","Flytta (same filnamn)","100","force-app","ApexPage","AAREG_decisionInternalPDF","force-app/aareg_ApplicationDecisionInternal/pages/AAREG_decisionInternalPDF.page","force-app/internalApplicationDecision/pages/AAREG_decisionInternalPDF.page","ApexPage","AAREG_decisionInternalPDF","Git-heuristikk; ikkje API-verifisert","Komponenten finst i main (flytta/gjenoppretta/delvis sletta)","force-app/internalApplicationDecision/pages/AAREG_decisionInternalPDF.page | force-app/internalApplicationDecision/pages/AAREG_decisionInternalPDF.page-meta.xml","Ikkje undersøkt"
"2026-07-02T18:11:07+02:00","bbc17a2918b6bcd71e58a0d529f88c09022482cd","Flytta (same filnamn)","100","force-app","ApexPage","AAREG_decisionInternalPDF","force-app/aareg_ApplicationDecisionInternal/pages/AAREG_decisionInternalPDF.page-meta.xml","force-app/internalApplicationDecision/pages/AAREG_decisionInternalPDF.page-meta.xml","ApexPage","AAREG_decisionInternalPDF","Git-heuristikk; ikkje API-verifisert","Komponenten finst i main (flytta/gjenoppretta/delvis sletta)","force-app/internalApplicationDecision/pages/AAREG_decisionInternalPDF.page | force-app/internalApplicationDecision/pages/AAREG_decisionInternalPDF.page-meta.xml","Ikkje undersøkt"
"2026-07-02T13:19:29+02:00","ebd4f49da7adda44babb287cf53f5c0d38821208","Flytta (same filnamn)","100","force-app","ApexClass","AAREG_AgreementController","force-app/aareg_ApplicationAgreementInternal/classes/AAREG_AgreementController.cls","force-app/internalApplicationAgreement/classes/AAREG_AgreementController.cls","ApexClass","AAREG_AgreementController","Git-heuristikk; ikkje API-verifisert","Komponenten finst i main (flytta/gjenoppretta/delvis sletta)","force-app/internalApplicationAgreement/classes/AAREG_AgreementController.cls | force-app/internalApplicationAgreement/classes/AAREG_AgreementController.cls-meta.xml","Ikkje undersøkt"
"2026-07-02T13:19:29+02:00","ebd4f49da7adda44babb287cf53f5c0d38821208","Flytta (same filnamn)","100","force-app","ApexClass","AAREG_AgreementController","force-app/aareg_ApplicationAgreementInternal/classes/AAREG_AgreementController.cls-meta.xml","force-app/internalApplicationAgreement/classes/AAREG_AgreementController.cls-meta.xml","ApexClass","AAREG_AgreementController","Source og metadata-sidefil samsvarer","Komponenten finst i main (flytta/gjenoppretta/delvis sletta)","force-app/internalApplicationAgreement/classes/AAREG_AgreementController.cls | force-app/internalApplicationAgreement/classes/AAREG_AgreementController.cls-meta.xml","Ikkje undersøkt"
"2026-07-02T13:19:29+02:00","ebd4f49da7adda44babb287cf53f5c0d38821208","Flytta (same filnamn)","100","force-app","ApexClass","AAREG_AgreementControllerTest","force-app/aareg_ApplicationAgreementInternal/classes/AAREG_AgreementControllerTest.cls","force-app/internalApplicationAgreement/classes/AAREG_AgreementControllerTest.cls","ApexClass","AAREG_AgreementControllerTest","Git-heuristikk; ikkje API-verifisert","Komponenten finst i main (flytta/gjenoppretta/delvis sletta)","force-app/internalApplicationAgreement/classes/AAREG_AgreementControllerTest.cls | force-app/internalApplicationAgreement/classes/AAREG_AgreementControllerTest.cls-meta.xml","Ikkje undersøkt"
"2026-07-02T13:19:29+02:00","ebd4f49da7adda44babb287cf53f5c0d38821208","Flytta (same filnamn)","100","force-app","ApexClass","AAREG_AgreementControllerTest","force-app/aareg_ApplicationAgreementInternal/classes/AAREG_AgreementControllerTest.cls-meta.xml","force-app/internalApplicationAgreement/classes/AAREG_AgreementControllerTest.cls-meta.xml","ApexClass","AAREG_AgreementControllerTest","Source og metadata-sidefil samsvarer","Komponenten finst i main (flytta/gjenoppretta/delvis sletta)","force-app/internalApplicationAgreement/classes/AAREG_AgreementControllerTest.cls | force-app/internalApplicationAgreement/classes/AAREG_AgreementControllerTest.cls-meta.xml","Ikkje undersøkt"
"2026-07-02T13:19:29+02:00","ebd4f49da7adda44babb287cf53f5c0d38821208","Flytta (same filnamn)","100","force-app","ApexClass","AAREG_DeactivateAccessBatchTest","force-app/aareg_ApplicationAgreementInternal/classes/AAREG_DeactivateAccessBatchTest.cls","force-app/internalApplicationAgreement/classes/AAREG_DeactivateAccessBatchTest.cls","ApexClass","AAREG_DeactivateAccessBatchTest","Git-heuristikk; ikkje API-verifisert","Komponenten finst i main (flytta/gjenoppretta/delvis sletta)","force-app/internalApplicationAgreement/classes/AAREG_DeactivateAccessBatchTest.cls | force-app/internalApplicationAgreement/classes/AAREG_DeactivateAccessBatchTest.cls-meta.xml","Ikkje undersøkt"
"2026-07-02T13:19:29+02:00","ebd4f49da7adda44babb287cf53f5c0d38821208","Flytta (same filnamn)","100","force-app","ApexClass","AAREG_DeactivateAccessBatchTest","force-app/aareg_ApplicationAgreementInternal/classes/AAREG_DeactivateAccessBatchTest.cls-meta.xml","force-app/internalApplicationAgreement/classes/AAREG_DeactivateAccessBatchTest.cls-meta.xml","ApexClass","AAREG_DeactivateAccessBatchTest","Source og metadata-sidefil samsvarer","Komponenten finst i main (flytta/gjenoppretta/delvis sletta)","force-app/internalApplicationAgreement/classes/AAREG_DeactivateAccessBatchTest.cls | force-app/internalApplicationAgreement/classes/AAREG_DeactivateAccessBatchTest.cls-meta.xml","Ikkje undersøkt"
"2026-07-02T13:19:29+02:00","ebd4f49da7adda44babb287cf53f5c0d38821208","Flytta (same filnamn)","100","force-app","ApexClass","AAREG_DeactivateAccessOnDeletedOrgsBatch","force-app/aareg_ApplicationAgreementInternal/classes/AAREG_DeactivateAccessOnDeletedOrgsBatch.cls","force-app/internalApplicationAgreement/classes/AAREG_DeactivateAccessOnDeletedOrgsBatch.cls","ApexClass","AAREG_DeactivateAccessOnDeletedOrgsBatch","Git-heuristikk; ikkje API-verifisert","Komponenten finst i main (flytta/gjenoppretta/delvis sletta)","force-app/internalApplicationAgreement/classes/AAREG_DeactivateAccessOnDeletedOrgsBatch.cls | force-app/internalApplicationAgreement/classes/AAREG_DeactivateAccessOnDeletedOrgsBatch.cls-meta.xml","Ikkje undersøkt"
"2026-07-02T13:19:29+02:00","ebd4f49da7adda44babb287cf53f5c0d38821208","Flytta (same filnamn)","100","force-app","ApexClass","AAREG_DeactivateAccessOnDeletedOrgsBatch","force-app/aareg_ApplicationAgreementInternal/classes/AAREG_DeactivateAccessOnDeletedOrgsBatch.cls-meta.xml","force-app/internalApplicationAgreement/classes/AAREG_DeactivateAccessOnDeletedOrgsBatch.cls-meta.xml","ApexClass","AAREG_DeactivateAccessOnDeletedOrgsBatch","Source og metadata-sidefil samsvarer","Komponenten finst i main (flytta/gjenoppretta/delvis sletta)","force-app/internalApplicationAgreement/classes/AAREG_DeactivateAccessOnDeletedOrgsBatch.cls | force-app/internalApplicationAgreement/classes/AAREG_DeactivateAccessOnDeletedOrgsBatch.cls-meta.xml","Ikkje undersøkt"
"2026-07-02T13:19:29+02:00","ebd4f49da7adda44babb287cf53f5c0d38821208","Flytta (same filnamn)","100","force-app","ApexClass","AAREG_createContentVersionForAgreement","force-app/aareg_ApplicationAgreementInternal/classes/AAREG_createContentVersionForAgreement.cls","force-app/internalApplicationAgreement/classes/AAREG_createContentVersionForAgreement.cls","ApexClass","AAREG_createContentVersionForAgreement","Git-heuristikk; ikkje API-verifisert","Komponenten finst i main (flytta/gjenoppretta/delvis sletta)","force-app/internalApplicationAgreement/classes/AAREG_createContentVersionForAgreement.cls | force-app/internalApplicationAgreement/classes/AAREG_createContentVersionForAgreement.cls-meta.xml","Ikkje undersøkt"
"2026-07-02T13:19:29+02:00","ebd4f49da7adda44babb287cf53f5c0d38821208","Flytta (same filnamn)","100","force-app","ApexClass","AAREG_createContentVersionForAgreement","force-app/aareg_ApplicationAgreementInternal/classes/AAREG_createContentVersionForAgreement.cls-meta.xml","force-app/internalApplicationAgreement/classes/AAREG_createContentVersionForAgreement.cls-meta.xml","ApexClass","AAREG_createContentVersionForAgreement","Source og metadata-sidefil samsvarer","Komponenten finst i main (flytta/gjenoppretta/delvis sletta)","force-app/internalApplicationAgreement/classes/AAREG_createContentVersionForAgreement.cls | force-app/internalApplicationAgreement/classes/AAREG_createContentVersionForAgreement.cls-meta.xml","Ikkje undersøkt"
"2026-06-29T13:03:02+02:00","005256751b969afd4d3833c48fc9bf90ba60fbd5","Flytta (same filnamn)","100","force-app","ApexClass","AAREG_Agreement","force-app/aareg_ApplicationAgreementExternal/classes/AAREG_Agreement.cls","force-app/agreementExternal/classes/AAREG_Agreement.cls","ApexClass","AAREG_Agreement","Git-heuristikk; ikkje API-verifisert","Komponenten finst i main (flytta/gjenoppretta/delvis sletta)","force-app/externalAgreement/classes/AAREG_Agreement.cls | force-app/externalAgreement/classes/AAREG_Agreement.cls-meta.xml","Ikkje undersøkt"
"2026-06-29T13:03:02+02:00","005256751b969afd4d3833c48fc9bf90ba60fbd5","Flytta (same filnamn)","100","force-app","ApexClass","AAREG_Agreement","force-app/aareg_ApplicationAgreementExternal/classes/AAREG_Agreement.cls-meta.xml","force-app/agreementExternal/classes/AAREG_Agreement.cls-meta.xml","ApexClass","AAREG_Agreement","Source og metadata-sidefil samsvarer","Komponenten finst i main (flytta/gjenoppretta/delvis sletta)","force-app/externalAgreement/classes/AAREG_Agreement.cls | force-app/externalAgreement/classes/AAREG_Agreement.cls-meta.xml","Ikkje undersøkt"
"2026-06-29T13:03:02+02:00","005256751b969afd4d3833c48fc9bf90ba60fbd5","Flytta (same filnamn)","100","force-app","ApexClass","AAREG_MyAgreementsController","force-app/aareg_ApplicationAgreementExternal/classes/AAREG_MyAgreementsController.cls","force-app/agreementExternal/classes/AAREG_MyAgreementsController.cls","ApexClass","AAREG_MyAgreementsController","Git-heuristikk; ikkje API-verifisert","Komponenten finst i main (flytta/gjenoppretta/delvis sletta)","force-app/externalAgreement/classes/AAREG_MyAgreementsController.cls | force-app/externalAgreement/classes/AAREG_MyAgreementsController.cls-meta.xml","Ikkje undersøkt"
"2026-06-29T13:03:02+02:00","005256751b969afd4d3833c48fc9bf90ba60fbd5","Flytta (same filnamn)","100","force-app","ApexClass","AAREG_MyAgreementsController","force-app/aareg_ApplicationAgreementExternal/classes/AAREG_MyAgreementsController.cls-meta.xml","force-app/agreementExternal/classes/AAREG_MyAgreementsController.cls-meta.xml","ApexClass","AAREG_MyAgreementsController","Source og metadata-sidefil samsvarer","Komponenten finst i main (flytta/gjenoppretta/delvis sletta)","force-app/externalAgreement/classes/AAREG_MyAgreementsController.cls | force-app/externalAgreement/classes/AAREG_MyAgreementsController.cls-meta.xml","Ikkje undersøkt"
"2026-06-29T13:03:02+02:00","005256751b969afd4d3833c48fc9bf90ba60fbd5","Flytta (same filnamn)","100","force-app","ApexClass","AAREG_MyAgreementsControllerTest","force-app/aareg_ApplicationAgreementExternal/classes/AAREG_MyAgreementsControllerTest.cls","force-app/agreementExternal/classes/AAREG_MyAgreementsControllerTest.cls","ApexClass","AAREG_MyAgreementsControllerTest","Git-heuristikk; ikkje API-verifisert","Komponenten finst i main (flytta/gjenoppretta/delvis sletta)","force-app/externalAgreement/classes/AAREG_MyAgreementsControllerTest.cls | force-app/externalAgreement/classes/AAREG_MyAgreementsControllerTest.cls-meta.xml","Ikkje undersøkt"
"2026-06-29T13:03:02+02:00","005256751b969afd4d3833c48fc9bf90ba60fbd5","Flytta (same filnamn)","100","force-app","ApexClass","AAREG_MyAgreementsControllerTest","force-app/aareg_ApplicationAgreementExternal/classes/AAREG_MyAgreementsControllerTest.cls-meta.xml","force-app/agreementExternal/classes/AAREG_MyAgreementsControllerTest.cls-meta.xml","ApexClass","AAREG_MyAgreementsControllerTest","Source og metadata-sidefil samsvarer","Komponenten finst i main (flytta/gjenoppretta/delvis sletta)","force-app/externalAgreement/classes/AAREG_MyAgreementsControllerTest.cls | force-app/externalAgreement/classes/AAREG_MyAgreementsControllerTest.cls-meta.xml","Ikkje undersøkt"
"2026-06-29T13:03:02+02:00","005256751b969afd4d3833c48fc9bf90ba60fbd5","Flytta (same filnamn)","100","force-app","LightningComponentBundle","aareg_agreementContacts","force-app/main/default/lwc/aareg_agreementContacts/aareg_agreementContacts.css","force-app/agreementExternal/lwc/aareg_agreementContacts/aareg_agreementContacts.css","LightningComponentBundle","aareg_agreementContacts","Git-heuristikk; ikkje API-verifisert","Komponenten finst i main (flytta/gjenoppretta/delvis sletta)","force-app/externalAgreement/lwc/aareg_agreementContacts/aareg_agreementContacts.css | force-app/externalAgreement/lwc/aareg_agreementContacts/aareg_agreementContacts.html | force-app/externalAgreement/lwc/aareg_agreementContacts/aareg_agreementContacts.js | force-app/externalAgreement/lwc/aareg_agreementContacts/aareg_agreementContacts.js-meta.xml","Ikkje undersøkt"
"2026-06-29T13:03:02+02:00","005256751b969afd4d3833c48fc9bf90ba60fbd5","Flytta (same filnamn)","100","force-app","LightningComponentBundle","aareg_agreementContacts","force-app/main/default/lwc/aareg_agreementContacts/aareg_agreementContacts.html","force-app/agreementExternal/lwc/aareg_agreementContacts/aareg_agreementContacts.html","LightningComponentBundle","aareg_agreementContacts","Git-heuristikk; ikkje API-verifisert","Komponenten finst i main (flytta/gjenoppretta/delvis sletta)","force-app/externalAgreement/lwc/aareg_agreementContacts/aareg_agreementContacts.css | force-app/externalAgreement/lwc/aareg_agreementContacts/aareg_agreementContacts.html | force-app/externalAgreement/lwc/aareg_agreementContacts/aareg_agreementContacts.js | force-app/externalAgreement/lwc/aareg_agreementContacts/aareg_agreementContacts.js-meta.xml","Ikkje undersøkt"
"2026-06-29T13:03:02+02:00","005256751b969afd4d3833c48fc9bf90ba60fbd5","Flytta (same filnamn)","100","force-app","LightningComponentBundle","aareg_agreementContacts","force-app/main/default/lwc/aareg_agreementContacts/aareg_agreementContacts.js","force-app/agreementExternal/lwc/aareg_agreementContacts/aareg_agreementContacts.js","LightningComponentBundle","aareg_agreementContacts","Git-heuristikk; ikkje API-verifisert","Komponenten finst i main (flytta/gjenoppretta/delvis sletta)","force-app/externalAgreement/lwc/aareg_agreementContacts/aareg_agreementContacts.css | force-app/externalAgreement/lwc/aareg_agreementContacts/aareg_agreementContacts.html | force-app/externalAgreement/lwc/aareg_agreementContacts/aareg_agreementContacts.js | force-app/externalAgreement/lwc/aareg_agreementContacts/aareg_agreementContacts.js-meta.xml","Ikkje undersøkt"
"2026-06-29T13:03:02+02:00","005256751b969afd4d3833c48fc9bf90ba60fbd5","Flytta (same filnamn)","100","force-app","LightningComponentBundle","aareg_agreementContacts","force-app/main/default/lwc/aareg_agreementContacts/aareg_agreementContacts.js-meta.xml","force-app/agreementExternal/lwc/aareg_agreementContacts/aareg_agreementContacts.js-meta.xml","LightningComponentBundle","aareg_agreementContacts","Git-heuristikk; ikkje API-verifisert","Komponenten finst i main (flytta/gjenoppretta/delvis sletta)","force-app/externalAgreement/lwc/aareg_agreementContacts/aareg_agreementContacts.css | force-app/externalAgreement/lwc/aareg_agreementContacts/aareg_agreementContacts.html | force-app/externalAgreement/lwc/aareg_agreementContacts/aareg_agreementContacts.js | force-app/externalAgreement/lwc/aareg_agreementContacts/aareg_agreementContacts.js-meta.xml","Ikkje undersøkt"
"2026-06-29T13:03:02+02:00","005256751b969afd4d3833c48fc9bf90ba60fbd5","Flytta (same filnamn)","082","force-app","LightningComponentBundle","aareg_agreementRevision","force-app/main/default/lwc/aareg_agreementRevision/aareg_agreementRevision.html","force-app/agreementExternal/lwc/aareg_agreementRevision/aareg_agreementRevision.html","LightningComponentBundle","aareg_agreementRevision","Git-heuristikk; ikkje API-verifisert","Komponenten finst i main (flytta/gjenoppretta/delvis sletta)","force-app/externalAgreement/lwc/aareg_agreementRevision/aareg_agreementRevision.html | force-app/externalAgreement/lwc/aareg_agreementRevision/aareg_agreementRevision.js | force-app/externalAgreement/lwc/aareg_agreementRevision/aareg_agreementRevision.js-meta.xml","Ikkje undersøkt"
"2026-06-29T13:03:02+02:00","005256751b969afd4d3833c48fc9bf90ba60fbd5","Flytta (same filnamn)","083","force-app","LightningComponentBundle","aareg_agreementRevision","force-app/main/default/lwc/aareg_agreementRevision/aareg_agreementRevision.js","force-app/agreementExternal/lwc/aareg_agreementRevision/aareg_agreementRevision.js","LightningComponentBundle","aareg_agreementRevision","Git-heuristikk; ikkje API-verifisert","Komponenten finst i main (flytta/gjenoppretta/delvis sletta)","force-app/externalAgreement/lwc/aareg_agreementRevision/aareg_agreementRevision.html | force-app/externalAgreement/lwc/aareg_agreementRevision/aareg_agreementRevision.js | force-app/externalAgreement/lwc/aareg_agreementRevision/aareg_agreementRevision.js-meta.xml","Ikkje undersøkt"
"2026-06-29T13:03:02+02:00","005256751b969afd4d3833c48fc9bf90ba60fbd5","Flytta (same filnamn)","100","force-app","LightningComponentBundle","aareg_agreementRevision","force-app/main/default/lwc/aareg_agreementRevision/aareg_agreementRevision.js-meta.xml","force-app/agreementExternal/lwc/aareg_agreementRevision/aareg_agreementRevision.js-meta.xml","LightningComponentBundle","aareg_agreementRevision","Git-heuristikk; ikkje API-verifisert","Komponenten finst i main (flytta/gjenoppretta/delvis sletta)","force-app/externalAgreement/lwc/aareg_agreementRevision/aareg_agreementRevision.html | force-app/externalAgreement/lwc/aareg_agreementRevision/aareg_agreementRevision.js | force-app/externalAgreement/lwc/aareg_agreementRevision/aareg_agreementRevision.js-meta.xml","Ikkje undersøkt"
"2026-06-24T01:58:59+02:00","e344554e2b4255f7d9d79aad79693f5fad769f4d","Endra filnamn (Git-heuristikk)","098","force-app","CustomApplication","Arbeidsforhold","force-app/main/default/applications/Arbeidsforhold.app-meta.xml","force-app/main/default/applications/AAREG_application.app-meta.xml","CustomApplication","AAREG_application","Git-heuristikk; ikkje API-verifisert","Ikkje i main; sjekk org","","Ikkje undersøkt"
"2026-06-24T01:58:59+02:00","e344554e2b4255f7d9d79aad79693f5fad769f4d","Endra filnamn (Git-heuristikk)","098","force-app","CustomApplication","Arbeidsforhold_henvendelse","force-app/main/default/applications/Arbeidsforhold_henvendelse.app-meta.xml","force-app/main/default/applications/AAREG_support.app-meta.xml","CustomApplication","AAREG_support","Git-heuristikk; ikkje API-verifisert","Ikkje i main; sjekk org","","Ikkje undersøkt"
"2026-06-16T18:57:43+02:00","32df4c4fedf09d76df744a390ee760969bbb3c2f","Sletta","","force-app","Dashboard","AaregistretDashboards/GKtYxPggRSehHAgZamtQodkAOOUTSD","force-app/main/default/dashboards/AaregistretDashboards/GKtYxPggRSehHAgZamtQodkAOOUTSD.dashboard-meta.xml","","","","","Ikkje i main; sjekk org","","Ikkje undersøkt"
"2026-06-16T18:57:43+02:00","32df4c4fedf09d76df744a390ee760969bbb3c2f","Sletta","","force-app","Dashboard","AaregistretDashboards/GQvEviCLZeKewgTwnAaPTJEQJmzuEa","force-app/main/default/dashboards/AaregistretDashboards/GQvEviCLZeKewgTwnAaPTJEQJmzuEa.dashboard-meta.xml","","","","","Ikkje i main; sjekk org","","Ikkje undersøkt"
"2026-06-16T18:57:43+02:00","32df4c4fedf09d76df744a390ee760969bbb3c2f","Sletta","","force-app","Report","Aa_registerReports/Aa_regNewFourthAndOlder","force-app/main/default/reports/Aa_registerReports/Aa_regNewFourthAndOlder.report-meta.xml","","","","","Ikkje i main; sjekk org","","Ikkje undersøkt"
"2026-06-15T09:01:33+02:00","62164dbaeda7d8418c28987d90b89e633a35b86b","Sletta","","force-app","Dashboard","AaregistretDashboards/gRzFZpdxEiaCoJStEunYuFQsBNpjbe","force-app/main/default/dashboards/AaregistretDashboards/gRzFZpdxEiaCoJStEunYuFQsBNpjbe.dashboard-meta.xml","","","","","Ikkje i main; sjekk org","","Ikkje undersøkt"
"2026-06-12T21:07:59+02:00","7462cb31052d88440c529f7dfa6ccf4660a2b81d","Sletta","","force-app","Flow","AAREG_subflowCreateTask_RT","force-app/main/default/flows/AAREG_subflowCreateTask_RT.flow-meta.xml","","","","","Ikkje i main; sjekk org","","Ikkje undersøkt"
"2026-06-08T12:35:00+02:00","0df70e8ac1b12ce9420080ec8833e5c85e477706","Sletta","","force-app","ApexClass","AAREG_accountSelector","force-app/aareg_AccessExternal/classes/AAREG_accountSelector.cls","","","","","Komponenten finst i main (flytta/gjenoppretta/delvis sletta)","force-app/externalAccess/classes/AAREG_accountSelector.cls | force-app/externalAccess/classes/AAREG_accountSelector.cls-meta.xml","Ikkje undersøkt"
"2026-06-08T12:35:00+02:00","0df70e8ac1b12ce9420080ec8833e5c85e477706","Sletta","","force-app","ApexClass","AAREG_MyApplicationsController","force-app/aareg_ApplicationExternal/classes/AAREG_MyApplicationsController.cls","","","","","Komponenten finst i main (flytta/gjenoppretta/delvis sletta)","force-app/externalApplication/classes/AAREG_MyApplicationsController.cls | force-app/externalApplication/classes/AAREG_MyApplicationsController.cls-meta.xml","Ikkje undersøkt"
"2026-06-08T12:35:00+02:00","0df70e8ac1b12ce9420080ec8833e5c85e477706","Sletta","","force-app","ApexClass","AAREG_MultiSelectFlowValues","force-app/aareg_Utility/classes/AAREG_MultiSelectFlowValues.cls","","","","","Komponenten finst i main (flytta/gjenoppretta/delvis sletta)","force-app/utility/classes/AAREG_MultiSelectFlowValues.cls | force-app/utility/classes/AAREG_MultiSelectFlowValues.cls-meta.xml","Ikkje undersøkt"
"2026-06-08T12:35:00+02:00","0df70e8ac1b12ce9420080ec8833e5c85e477706","Flytta (same filnamn)","054","force-app","ApexClass","AAREG_CommunityUtils","force-app/aareg_AccessExternal/classes/AAREG_CommunityUtils.cls","force-app/externalAccess/classes/AAREG_CommunityUtils.cls","ApexClass","AAREG_CommunityUtils","Git-heuristikk; ikkje API-verifisert","Komponenten finst i main (flytta/gjenoppretta/delvis sletta)","force-app/externalAccess/classes/AAREG_CommunityUtils.cls | force-app/externalAccess/classes/AAREG_CommunityUtils.cls-meta.xml","Ikkje undersøkt"
"2026-06-08T12:35:00+02:00","0df70e8ac1b12ce9420080ec8833e5c85e477706","Endra filnamn (Git-heuristikk)","100","force-app","ApexClass","AAREG_TestDataFactory","force-app/aareg_Utility/classes/AAREG_TestDataFactory.cls-meta.xml","force-app/externalAccess/classes/AAREG_CommunityUtils.cls-meta.xml","ApexClass","AAREG_CommunityUtils","Berre metadata-sidefil; mogleg feilkopling","Komponenten finst i main (flytta/gjenoppretta/delvis sletta)","force-app/utility/classes/AAREG_TestDataFactory.cls | force-app/utility/classes/AAREG_TestDataFactory.cls-meta.xml","Ikkje undersøkt"
"2026-06-08T12:35:00+02:00","0df70e8ac1b12ce9420080ec8833e5c85e477706","Flytta (same filnamn)","100","force-app","ApexClass","AAREG_CommunityUtilsTest","force-app/aareg_AccessExternal/classes/AAREG_CommunityUtilsTest.cls","force-app/externalAccess/classes/AAREG_CommunityUtilsTest.cls","ApexClass","AAREG_CommunityUtilsTest","Git-heuristikk; ikkje API-verifisert","Komponenten finst i main (flytta/gjenoppretta/delvis sletta)","force-app/externalAccess/classes/AAREG_CommunityUtilsTest.cls | force-app/externalAccess/classes/AAREG_CommunityUtilsTest.cls-meta.xml","Ikkje undersøkt"
"2026-06-08T12:35:00+02:00","0df70e8ac1b12ce9420080ec8833e5c85e477706","Flytta (same filnamn)","100","force-app","ApexClass","AAREG_CommunityUtilsTest","force-app/aareg_AccessExternal/classes/AAREG_CommunityUtilsTest.cls-meta.xml","force-app/externalAccess/classes/AAREG_CommunityUtilsTest.cls-meta.xml","ApexClass","AAREG_CommunityUtilsTest","Source og metadata-sidefil samsvarer","Komponenten finst i main (flytta/gjenoppretta/delvis sletta)","force-app/externalAccess/classes/AAREG_CommunityUtilsTest.cls | force-app/externalAccess/classes/AAREG_CommunityUtilsTest.cls-meta.xml","Ikkje undersøkt"
"2026-06-08T12:35:00+02:00","0df70e8ac1b12ce9420080ec8833e5c85e477706","Flytta (same filnamn)","100","force-app","ApexClass","AAREG_HomeController","force-app/aareg_AccessExternal/classes/AAREG_HomeController.cls","force-app/externalAccess/classes/AAREG_HomeController.cls","ApexClass","AAREG_HomeController","Git-heuristikk; ikkje API-verifisert","Komponenten finst i main (flytta/gjenoppretta/delvis sletta)","force-app/externalAccess/classes/AAREG_HomeController.cls | force-app/externalAccess/classes/AAREG_HomeController.cls-meta.xml","Ikkje undersøkt"
"2026-06-08T12:35:00+02:00","0df70e8ac1b12ce9420080ec8833e5c85e477706","Flytta (same filnamn)","100","force-app","ApexClass","AAREG_HomeController","force-app/aareg_AccessExternal/classes/AAREG_HomeController.cls-meta.xml","force-app/externalAccess/classes/AAREG_HomeController.cls-meta.xml","ApexClass","AAREG_HomeController","Source og metadata-sidefil samsvarer","Komponenten finst i main (flytta/gjenoppretta/delvis sletta)","force-app/externalAccess/classes/AAREG_HomeController.cls | force-app/externalAccess/classes/AAREG_HomeController.cls-meta.xml","Ikkje undersøkt"
"2026-06-08T12:35:00+02:00","0df70e8ac1b12ce9420080ec8833e5c85e477706","Flytta (same filnamn)","100","force-app","ApexClass","AAREG_HomeControllerTest","force-app/aareg_AccessExternal/classes/AAREG_HomeControllerTest.cls","force-app/externalAccess/classes/AAREG_HomeControllerTest.cls","ApexClass","AAREG_HomeControllerTest","Git-heuristikk; ikkje API-verifisert","Komponenten finst i main (flytta/gjenoppretta/delvis sletta)","force-app/externalAccess/classes/AAREG_HomeControllerTest.cls | force-app/externalAccess/classes/AAREG_HomeControllerTest.cls-meta.xml","Ikkje undersøkt"
"2026-06-08T12:35:00+02:00","0df70e8ac1b12ce9420080ec8833e5c85e477706","Flytta (same filnamn)","100","force-app","ApexClass","AAREG_HomeControllerTest","force-app/aareg_AccessExternal/classes/AAREG_HomeControllerTest.cls-meta.xml","force-app/externalAccess/classes/AAREG_HomeControllerTest.cls-meta.xml","ApexClass","AAREG_HomeControllerTest","Source og metadata-sidefil samsvarer","Komponenten finst i main (flytta/gjenoppretta/delvis sletta)","force-app/externalAccess/classes/AAREG_HomeControllerTest.cls | force-app/externalAccess/classes/AAREG_HomeControllerTest.cls-meta.xml","Ikkje undersøkt"
"2026-06-08T12:35:00+02:00","0df70e8ac1b12ce9420080ec8833e5c85e477706","Flytta (same filnamn)","072","force-app","ApexClass","AAREG_accountSelector","force-app/aareg_AccessExternal/classes/AAREG_accountSelector.cls-meta.xml","force-app/externalAccess/classes/AAREG_accountSelector.cls-meta.xml","ApexClass","AAREG_accountSelector","Berre metadata-sidefil; mogleg feilkopling","Komponenten finst i main (flytta/gjenoppretta/delvis sletta)","force-app/externalAccess/classes/AAREG_accountSelector.cls | force-app/externalAccess/classes/AAREG_accountSelector.cls-meta.xml","Ikkje undersøkt"
"2026-06-08T12:35:00+02:00","0df70e8ac1b12ce9420080ec8833e5c85e477706","Flytta (same filnamn)","085","force-app","ApexClass","AAREG_accountSelectorTest","force-app/aareg_AccessExternal/classes/AAREG_accountSelectorTest.cls","force-app/externalAccess/classes/AAREG_accountSelectorTest.cls","ApexClass","AAREG_accountSelectorTest","Git-heuristikk; ikkje API-verifisert","Komponenten finst i main (flytta/gjenoppretta/delvis sletta)","force-app/externalAccess/classes/AAREG_accountSelectorTest.cls | force-app/externalAccess/classes/AAREG_accountSelectorTest.cls-meta.xml","Ikkje undersøkt"
"2026-06-08T12:35:00+02:00","0df70e8ac1b12ce9420080ec8833e5c85e477706","Flytta (same filnamn)","100","force-app","ApexClass","AAREG_accountSelectorTest","force-app/aareg_AccessExternal/classes/AAREG_accountSelectorTest.cls-meta.xml","force-app/externalAccess/classes/AAREG_accountSelectorTest.cls-meta.xml","ApexClass","AAREG_accountSelectorTest","Source og metadata-sidefil samsvarer","Komponenten finst i main (flytta/gjenoppretta/delvis sletta)","force-app/externalAccess/classes/AAREG_accountSelectorTest.cls | force-app/externalAccess/classes/AAREG_accountSelectorTest.cls-meta.xml","Ikkje undersøkt"
"2026-06-08T12:35:00+02:00","0df70e8ac1b12ce9420080ec8833e5c85e477706","Flytta (same filnamn)","084","force-app","ApexClass","AAREG_ApplicationController","force-app/aareg_ApplicationExternal/classes/AAREG_ApplicationController.cls","force-app/externalApplication/classes/AAREG_ApplicationController.cls","ApexClass","AAREG_ApplicationController","Git-heuristikk; ikkje API-verifisert","Komponenten finst i main (flytta/gjenoppretta/delvis sletta)","force-app/externalApplication/classes/AAREG_ApplicationController.cls | force-app/externalApplication/classes/AAREG_ApplicationController.cls-meta.xml","Ikkje undersøkt"
"2026-06-08T12:35:00+02:00","0df70e8ac1b12ce9420080ec8833e5c85e477706","Flytta (same filnamn)","100","force-app","ApexClass","AAREG_ApplicationController","force-app/aareg_ApplicationExternal/classes/AAREG_ApplicationController.cls-meta.xml","force-app/externalApplication/classes/AAREG_ApplicationController.cls-meta.xml","ApexClass","AAREG_ApplicationController","Source og metadata-sidefil samsvarer","Komponenten finst i main (flytta/gjenoppretta/delvis sletta)","force-app/externalApplication/classes/AAREG_ApplicationController.cls | force-app/externalApplication/classes/AAREG_ApplicationController.cls-meta.xml","Ikkje undersøkt"
"2026-06-08T12:35:00+02:00","0df70e8ac1b12ce9420080ec8833e5c85e477706","Flytta (same filnamn)","099","force-app","ApexClass","AAREG_ApplicationControllerTest","force-app/aareg_ApplicationExternal/classes/AAREG_ApplicationControllerTest.cls","force-app/externalApplication/classes/AAREG_ApplicationControllerTest.cls","ApexClass","AAREG_ApplicationControllerTest","Git-heuristikk; ikkje API-verifisert","Komponenten finst i main (flytta/gjenoppretta/delvis sletta)","force-app/externalApplication/classes/AAREG_ApplicationControllerTest.cls | force-app/externalApplication/classes/AAREG_ApplicationControllerTest.cls-meta.xml","Ikkje undersøkt"
"2026-06-08T12:35:00+02:00","0df70e8ac1b12ce9420080ec8833e5c85e477706","Flytta (same filnamn)","072","force-app","ApexClass","AAREG_ApplicationControllerTest","force-app/aareg_ApplicationExternal/classes/AAREG_ApplicationControllerTest.cls-meta.xml","force-app/externalApplication/classes/AAREG_ApplicationControllerTest.cls-meta.xml","ApexClass","AAREG_ApplicationControllerTest","Source og metadata-sidefil samsvarer","Komponenten finst i main (flytta/gjenoppretta/delvis sletta)","force-app/externalApplication/classes/AAREG_ApplicationControllerTest.cls | force-app/externalApplication/classes/AAREG_ApplicationControllerTest.cls-meta.xml","Ikkje undersøkt"
"2026-06-08T12:35:00+02:00","0df70e8ac1b12ce9420080ec8833e5c85e477706","Flytta (same filnamn)","100","force-app","ApexClass","AAREG_MyApplicationsController","force-app/aareg_ApplicationExternal/classes/AAREG_MyApplicationsController.cls-meta.xml","force-app/externalApplication/classes/AAREG_MyApplicationsController.cls-meta.xml","ApexClass","AAREG_MyApplicationsController","Berre metadata-sidefil; mogleg feilkopling","Komponenten finst i main (flytta/gjenoppretta/delvis sletta)","force-app/externalApplication/classes/AAREG_MyApplicationsController.cls | force-app/externalApplication/classes/AAREG_MyApplicationsController.cls-meta.xml","Ikkje undersøkt"
"2026-06-08T12:35:00+02:00","0df70e8ac1b12ce9420080ec8833e5c85e477706","Flytta (same filnamn)","092","force-app","ApexClass","AAREG_MyApplicationsControllerTest","force-app/aareg_ApplicationExternal/classes/AAREG_MyApplicationsControllerTest.cls","force-app/externalApplication/classes/AAREG_MyApplicationsControllerTest.cls","ApexClass","AAREG_MyApplicationsControllerTest","Git-heuristikk; ikkje API-verifisert","Komponenten finst i main (flytta/gjenoppretta/delvis sletta)","force-app/externalApplication/classes/AAREG_MyApplicationsControllerTest.cls | force-app/externalApplication/classes/AAREG_MyApplicationsControllerTest.cls-meta.xml","Ikkje undersøkt"
"2026-06-08T12:35:00+02:00","0df70e8ac1b12ce9420080ec8833e5c85e477706","Flytta (same filnamn)","100","force-app","ApexClass","AAREG_MyApplicationsControllerTest","force-app/aareg_ApplicationExternal/classes/AAREG_MyApplicationsControllerTest.cls-meta.xml","force-app/externalApplication/classes/AAREG_MyApplicationsControllerTest.cls-meta.xml","ApexClass","AAREG_MyApplicationsControllerTest","Source og metadata-sidefil samsvarer","Komponenten finst i main (flytta/gjenoppretta/delvis sletta)","force-app/externalApplication/classes/AAREG_MyApplicationsControllerTest.cls | force-app/externalApplication/classes/AAREG_MyApplicationsControllerTest.cls-meta.xml","Ikkje undersøkt"
"2026-06-08T12:35:00+02:00","0df70e8ac1b12ce9420080ec8833e5c85e477706","Flytta (same filnamn)","100","force-app","ApexClass","AAREG_MultiSelectFlowValues","force-app/aareg_Utility/classes/AAREG_MultiSelectFlowValues.cls-meta.xml","force-app/utility/classes/AAREG_MultiSelectFlowValues.cls-meta.xml","ApexClass","AAREG_MultiSelectFlowValues","Berre metadata-sidefil; mogleg feilkopling","Komponenten finst i main (flytta/gjenoppretta/delvis sletta)","force-app/utility/classes/AAREG_MultiSelectFlowValues.cls | force-app/utility/classes/AAREG_MultiSelectFlowValues.cls-meta.xml","Ikkje undersøkt"
"2026-06-08T12:35:00+02:00","0df70e8ac1b12ce9420080ec8833e5c85e477706","Flytta (same filnamn)","082","force-app","ApexClass","AAREG_MultiSelectFlowValuesTest","force-app/aareg_Utility/classes/AAREG_MultiSelectFlowValuesTest.cls","force-app/utility/classes/AAREG_MultiSelectFlowValuesTest.cls","ApexClass","AAREG_MultiSelectFlowValuesTest","Git-heuristikk; ikkje API-verifisert","Komponenten finst i main (flytta/gjenoppretta/delvis sletta)","force-app/utility/classes/AAREG_MultiSelectFlowValuesTest.cls | force-app/utility/classes/AAREG_MultiSelectFlowValuesTest.cls-meta.xml","Ikkje undersøkt"
"2026-06-08T12:35:00+02:00","0df70e8ac1b12ce9420080ec8833e5c85e477706","Flytta (same filnamn)","100","force-app","ApexClass","AAREG_MultiSelectFlowValuesTest","force-app/aareg_Utility/classes/AAREG_MultiSelectFlowValuesTest.cls-meta.xml","force-app/utility/classes/AAREG_MultiSelectFlowValuesTest.cls-meta.xml","ApexClass","AAREG_MultiSelectFlowValuesTest","Source og metadata-sidefil samsvarer","Komponenten finst i main (flytta/gjenoppretta/delvis sletta)","force-app/utility/classes/AAREG_MultiSelectFlowValuesTest.cls | force-app/utility/classes/AAREG_MultiSelectFlowValuesTest.cls-meta.xml","Ikkje undersøkt"
"2026-06-08T12:35:00+02:00","0df70e8ac1b12ce9420080ec8833e5c85e477706","Flytta (same filnamn)","100","force-app","ApexClass","AAREG_TestDataFactory","force-app/aareg_Utility/classes/AAREG_TestDataFactory.cls","force-app/utility/classes/AAREG_TestDataFactory.cls","ApexClass","AAREG_TestDataFactory","Git-heuristikk; ikkje API-verifisert","Komponenten finst i main (flytta/gjenoppretta/delvis sletta)","force-app/utility/classes/AAREG_TestDataFactory.cls | force-app/utility/classes/AAREG_TestDataFactory.cls-meta.xml","Ikkje undersøkt"
"2026-06-08T12:35:00+02:00","0df70e8ac1b12ce9420080ec8833e5c85e477706","Endra filnamn (Git-heuristikk)","072","force-app","ApexClass","AAREG_CommunityUtils","force-app/aareg_AccessExternal/classes/AAREG_CommunityUtils.cls-meta.xml","force-app/utility/classes/AAREG_TestDataFactory.cls-meta.xml","ApexClass","AAREG_TestDataFactory","Berre metadata-sidefil; mogleg feilkopling","Komponenten finst i main (flytta/gjenoppretta/delvis sletta)","force-app/externalAccess/classes/AAREG_CommunityUtils.cls | force-app/externalAccess/classes/AAREG_CommunityUtils.cls-meta.xml","Ikkje undersøkt"
"2026-06-08T12:35:00+02:00","0df70e8ac1b12ce9420080ec8833e5c85e477706","Flytta (same filnamn)","100","force-app","ApexClass","AAREG_Utility","force-app/aareg_Utility/classes/AAREG_Utility.cls","force-app/utility/classes/AAREG_Utility.cls","ApexClass","AAREG_Utility","Git-heuristikk; ikkje API-verifisert","Komponenten finst i main (flytta/gjenoppretta/delvis sletta)","force-app/utility/classes/AAREG_Utility.cls | force-app/utility/classes/AAREG_Utility.cls-meta.xml","Ikkje undersøkt"
"2026-06-08T12:35:00+02:00","0df70e8ac1b12ce9420080ec8833e5c85e477706","Flytta (same filnamn)","100","force-app","ApexClass","AAREG_Utility","force-app/aareg_Utility/classes/AAREG_Utility.cls-meta.xml","force-app/utility/classes/AAREG_Utility.cls-meta.xml","ApexClass","AAREG_Utility","Source og metadata-sidefil samsvarer","Komponenten finst i main (flytta/gjenoppretta/delvis sletta)","force-app/utility/classes/AAREG_Utility.cls | force-app/utility/classes/AAREG_Utility.cls-meta.xml","Ikkje undersøkt"
"2026-06-08T12:35:00+02:00","0df70e8ac1b12ce9420080ec8833e5c85e477706","Flytta (same filnamn)","100","force-app","ApexClass","AAREG_UtilityTest","force-app/aareg_Utility/classes/AAREG_UtilityTest.cls","force-app/utility/classes/AAREG_UtilityTest.cls","ApexClass","AAREG_UtilityTest","Git-heuristikk; ikkje API-verifisert","Komponenten finst i main (flytta/gjenoppretta/delvis sletta)","force-app/utility/classes/AAREG_UtilityTest.cls | force-app/utility/classes/AAREG_UtilityTest.cls-meta.xml","Ikkje undersøkt"
"2026-06-08T12:35:00+02:00","0df70e8ac1b12ce9420080ec8833e5c85e477706","Flytta (same filnamn)","100","force-app","ApexClass","AAREG_UtilityTest","force-app/aareg_Utility/classes/AAREG_UtilityTest.cls-meta.xml","force-app/utility/classes/AAREG_UtilityTest.cls-meta.xml","ApexClass","AAREG_UtilityTest","Source og metadata-sidefil samsvarer","Komponenten finst i main (flytta/gjenoppretta/delvis sletta)","force-app/utility/classes/AAREG_UtilityTest.cls | force-app/utility/classes/AAREG_UtilityTest.cls-meta.xml","Ikkje undersøkt"
"2026-06-08T12:35:00+02:00","0df70e8ac1b12ce9420080ec8833e5c85e477706","Flytta (same filnamn)","069","force-app","ApexClass","AAREG_checkObjectTypeNameche","force-app/aareg_Utility/classes/AAREG_checkObjectTypeNameche.cls","force-app/utility/classes/AAREG_checkObjectTypeNameche.cls","ApexClass","AAREG_checkObjectTypeNameche","Git-heuristikk; ikkje API-verifisert","Komponenten finst i main (flytta/gjenoppretta/delvis sletta)","force-app/utility/classes/AAREG_checkObjectTypeNameche.cls | force-app/utility/classes/AAREG_checkObjectTypeNameche.cls-meta.xml","Ikkje undersøkt"
"2026-06-08T12:35:00+02:00","0df70e8ac1b12ce9420080ec8833e5c85e477706","Flytta (same filnamn)","072","force-app","ApexClass","AAREG_checkObjectTypeNameche","force-app/aareg_Utility/classes/AAREG_checkObjectTypeNameche.cls-meta.xml","force-app/utility/classes/AAREG_checkObjectTypeNameche.cls-meta.xml","ApexClass","AAREG_checkObjectTypeNameche","Source og metadata-sidefil samsvarer","Komponenten finst i main (flytta/gjenoppretta/delvis sletta)","force-app/utility/classes/AAREG_checkObjectTypeNameche.cls | force-app/utility/classes/AAREG_checkObjectTypeNameche.cls-meta.xml","Ikkje undersøkt"
"2026-06-05T12:12:45+02:00","fc00a452463d23dd43c0c2b513ad0d4b637429d5","Sletta","","force-app","Flow","Agreement_Initiator","force-app/main/default/flows/Agreement_Initiator.flow-meta.xml","","","","","Ikkje i main; sjekk org","","Ikkje undersøkt"
"2026-04-20T14:37:08+02:00","23ae38a8f3cb4aa8ff29c111ae5ff89de5321c6c","Sletta","","force-app","ReportFolder","Aa_registerReports/AAREG_arbeidsforholdTeam","force-app/main/default/reports/Aa_registerReports/AAREG_arbeidsforholdTeam.reportFolder-meta.xml","","","","","Ikkje i main; sjekk org","","Ikkje undersøkt"
"2026-04-09T09:19:30+02:00","63b226c31e38f94e8625e6032eba0a9cd91f255d","Sletta","","force-app","SecuritySettings","Security","force-app/main/default/settings/Security.settings-meta.xml","","","","","Ikkje i main; sjekk org","","Ikkje undersøkt"
"2026-03-10T12:48:55+01:00","c2fdd7e9eb2fb25c6b4b5673c1ad2a6551b2d23a","Sletta","","force-app","Flow","AAREG_populateDecisionText","force-app/main/default/flows/AAREG_populateDecisionText.flow-meta.xml","","","","","Ikkje i main; sjekk org","","Ikkje undersøkt"
"2026-03-10T12:48:55+01:00","c2fdd7e9eb2fb25c6b4b5673c1ad2a6551b2d23a","Sletta","","force-app","Flow","AAREG_updateDecisionText","force-app/main/default/flows/AAREG_updateDecisionText.flow-meta.xml","","","","","Ikkje i main; sjekk org","","Ikkje undersøkt"
"2026-03-09T12:08:31+01:00","d24d0b31c8a42111d324c626e56caf19a36d00bf","Sletta","","force-app","Flow","AAREG_applicationFinished","force-app/main/default/flows/AAREG_applicationFinished.flow-meta.xml","","","","","Ikkje i main; sjekk org","","Ikkje undersøkt"
"2026-03-09T12:08:31+01:00","d24d0b31c8a42111d324c626e56caf19a36d00bf","Sletta","","force-app","Flow","AAREG_applicationFinished_RT","force-app/main/default/flows/AAREG_applicationFinished_RT.flow-meta.xml","","","","","Ikkje i main; sjekk org","","Ikkje undersøkt"
"2026-03-09T12:08:31+01:00","d24d0b31c8a42111d324c626e56caf19a36d00bf","Sletta","","force-app","CustomObjectTranslation","Agreement__c-no","force-app/main/default/objectTranslations/Agreement__c-no/EventAccess__c.fieldTranslation-meta.xml","","","","","Komponenten finst i main (flytta/gjenoppretta/delvis sletta)","force-app/main/default/objectTranslations/Agreement__c-no/AA_ConfirmedAgreementCancellationDate__c.fieldTranslation-meta.xml | force-app/main/default/objectTranslations/Agreement__c-no/APIAccess__c.fieldTranslation-meta.xml | force-app/main/default/objectTranslations/Agreement__c-no/Access_Request__c.fieldTranslation-meta.xml | force-app/main/default/objectTranslations/Agreement__c-no/AccountName__c.fieldTranslation-meta.xml | force-app/main/default/objectTranslations/Agreement__c-no/Agreement__c-no.objectTranslation-meta.xml | force-app/main/default/objectTranslations/Agreement__c-no/Application__c.fieldTranslation-meta.xml | force-app/main/default/objectTranslations/Agreement__c-no/DataProcessorName__c.fieldTranslation-meta.xml | force-app/main/default/objectTranslations/Agreement__c-no/DataProcessorOrganizationNumber__c.fieldTranslation-meta.xml | force-app/main/default/objectTranslations/Agreement__c-no/Decision__c.fieldTranslation-meta.xml | force-app/main/default/objectTranslations/Agreement__c-no/ExtractionAccess__c.fieldTranslation-meta.xml | force-app/main/default/objectTranslations/Agreement__c-no/OnlineAccess__c.fieldTranslation-meta.xml | force-app/main/default/objectTranslations/Agreement__c-no/OrganizationNumber__c.fieldTranslation-meta.xml | force-app/main/default/objectTranslations/Agreement__c-no/P360_Document_Id__c.fieldTranslation-meta.xml | force-app/main/default/objectTranslations/Agreement__c-no/P360_Document_Number__c.fieldTranslation-meta.xml | force-app/main/default/objectTranslations/Agreement__c-no/P360_File_Id__c.fieldTranslation-meta.xml | force-app/main/default/objectTranslations/Agreement__c-no/Public_360_id__c.fieldTranslation-meta.xml | force-app/main/default/objectTranslations/Agreement__c-no/Status__c.fieldTranslation-meta.xml | force-app/main/default/objectTranslations/Agreement__c-no/accountCategory__c.fieldTranslation-meta.xml | force-app/main/default/objectTranslations/Agreement__c-no/account__c.fieldTranslation-meta.xml | force-app/main/default/objectTranslations/Agreement__c-no/isRevision__c.fieldTranslation-meta.xml | force-app/main/default/objectTranslations/Agreement__c-no/lastRevisionDate__c.fieldTranslation-meta.xml","Ikkje undersøkt"
"2026-03-09T12:08:31+01:00","d24d0b31c8a42111d324c626e56caf19a36d00bf","Sletta","","force-app","CustomObjectTranslation","Application__c-no","force-app/main/default/objectTranslations/Application__c-no/EventAccess__c.fieldTranslation-meta.xml","","","","","Komponenten finst i main (flytta/gjenoppretta/delvis sletta)","force-app/main/default/objectTranslations/Application__c-no/AAREG_OrganizationCategory__c.fieldTranslation-meta.xml | force-app/main/default/objectTranslations/Application__c-no/AA_AccessText__c.fieldTranslation-meta.xml | force-app/main/default/objectTranslations/Application__c-no/AA_AccessTypes__c.fieldTranslation-meta.xml | force-app/main/default/objectTranslations/Application__c-no/AA_ApplicationArchivedDate__c.fieldTranslation-meta.xml | force-app/main/default/objectTranslations/Application__c-no/AA_ApplicationArchived__c.fieldTranslation-meta.xml | force-app/main/default/objectTranslations/Application__c-no/AA_CaseHandlerNavIdent__c.fieldTranslation-meta.xml | force-app/main/default/objectTranslations/Application__c-no/AA_CasehandlerDeadlineFlag__c.fieldTranslation-meta.xml | force-app/main/default/objectTranslations/Application__c-no/AA_CasehandlerDecisionTemplate__c.fieldTranslation-meta.xml | force-app/main/default/objectTranslations/Application__c-no/AA_DecisionArchiveText__c.fieldTranslation-meta.xml | force-app/main/default/objectTranslations/Application__c-no/AA_DecisionArchivedDate__c.fieldTranslation-meta.xml | force-app/main/default/objectTranslations/Application__c-no/AA_DecisionArchived__c.fieldTranslation-meta.xml | force-app/main/default/objectTranslations/Application__c-no/AA_changesInApplication__c.fieldTranslation-meta.xml | force-app/main/default/objectTranslations/Application__c-no/AA_register_application_text__c.fieldTranslation-meta.xml | force-app/main/default/objectTranslations/Application__c-no/AA_timeToDecision__c.fieldTranslation-meta.xml | force-app/main/default/objectTranslations/Application__c-no/AA_timeToSubmitted__c.fieldTranslation-meta.xml | force-app/main/default/objectTranslations/Application__c-no/APIAccess__c.fieldTranslation-meta.xml | force-app/main/default/objectTranslations/Application__c-no/Access_Request__c.fieldTranslation-meta.xml | force-app/main/default/objectTranslations/Application__c-no/AccountId__c.fieldTranslation-meta.xml | force-app/main/default/objectTranslations/Application__c-no/AccountName__c.fieldTranslation-meta.xml | force-app/main/default/objectTranslations/Application__c-no/Account__c.fieldTranslation-meta.xml | force-app/main/default/objectTranslations/Application__c-no/ApplicationDeadlineForReply__c.fieldTranslation-meta.xml | force-app/main/default/objectTranslations/Application__c-no/ApplicationSubmittedDate__c.fieldTranslation-meta.xml | force-app/main/default/objectTranslations/Application__c-no/Application__c-no.objectTranslation-meta.xml | force-app/main/default/objectTranslations/Application__c-no/CasehandlerOwner__c.fieldTranslation-meta.xml | force-app/main/default/objectTranslations/Application__c-no/Casehandler_Status__c.fieldTranslation-meta.xml | force-app/main/default/objectTranslations/Application__c-no/Contact__c.fieldTranslation-meta.xml | force-app/main/default/objectTranslations/Application__c-no/DataProcessorName__c.fieldTranslation-meta.xml | force-app/main/default/objectTranslations/Application__c-no/DataProcessorOrganizationNumber__c.fieldTranslation-meta.xml | force-app/main/default/objectTranslations/Application__c-no/DaysSinceSubmitted__c.fieldTranslation-meta.xml | force-app/main/default/objectTranslations/Application__c-no/DecisionDate__c.fieldTranslation-meta.xml | force-app/main/default/objectTranslations/Application__c-no/DecisionDescription__c.fieldTranslation-meta.xml | force-app/main/default/objectTranslations/Application__c-no/Email__c.fieldTranslation-meta.xml | force-app/main/default/objectTranslations/Application__c-no/ExtractionAccess__c.fieldTranslation-meta.xml | force-app/main/default/objectTranslations/Application__c-no/IsAppSentToWebsak__c.fieldTranslation-meta.xml | force-app/main/default/objectTranslations/Application__c-no/IsCasehandlerOwner__c.fieldTranslation-meta.xml | force-app/main/default/objectTranslations/Application__c-no/IsConfirmationEmailSent__c.fieldTranslation-meta.xml | force-app/main/default/objectTranslations/Application__c-no/MailingAddress__c.fieldTranslation-meta.xml | force-app/main/default/objectTranslations/Application__c-no/MailingCity__c.fieldTranslation-meta.xml | force-app/main/default/objectTranslations/Application__c-no/MailingPostalCode__c.fieldTranslation-meta.xml | force-app/main/default/objectTranslations/Application__c-no/OnlineAccess__c.fieldTranslation-meta.xml | force-app/main/default/objectTranslations/Application__c-no/OrganizationNumber__c.fieldTranslation-meta.xml | force-app/main/default/objectTranslations/Application__c-no/OrganizationStructure__c.fieldTranslation-meta.xml | force-app/main/default/objectTranslations/Application__c-no/P360_Document_Id__c.fieldTranslation-meta.xml | force-app/main/default/objectTranslations/Application__c-no/P360_Document_Number__c.fieldTranslation-meta.xml | force-app/main/default/objectTranslations/Application__c-no/P360_File_Id__c.fieldTranslation-meta.xml | force-app/main/default/objectTranslations/Application__c-no/Status__c.fieldTranslation-meta.xml | force-app/main/default/objectTranslations/Application__c-no/TermsOfUse__c.fieldTranslation-meta.xml | force-app/main/default/objectTranslations/Application__c-no/applicationOwner__c.fieldTranslation-meta.xml | force-app/main/default/objectTranslations/Application__c-no/createdByUser__c.fieldTranslation-meta.xml | force-app/main/default/objectTranslations/Application__c-no/reasonForSuspension__c.fieldTranslation-meta.xml","Ikkje undersøkt"
"2026-03-09T12:08:31+01:00","d24d0b31c8a42111d324c626e56caf19a36d00bf","Sletta","","force-app","CustomField","Agreement__c.EventAccess__c","force-app/main/default/objects/Agreement__c/fields/EventAccess__c.field-meta.xml","","","","","Ikkje i main; sjekk org","","Ikkje undersøkt"
"2026-03-09T12:08:31+01:00","d24d0b31c8a42111d324c626e56caf19a36d00bf","Sletta","","force-app","CustomField","Application__c.EventAccess__c","force-app/main/default/objects/Application__c/fields/EventAccess__c.field-meta.xml","","","","","Ikkje i main; sjekk org","","Ikkje undersøkt"
"2026-02-10T14:52:07+01:00","e285cce29b8708eff7816bb33cf914592391a89d","Endra filnamn (Git-heuristikk)","100","force-app","ReportType","Accounts_with_Applications_Decisions_Decision_Details","force-app/main/default/reportTypes/Accounts_with_Applications_Decisions_Decision_Details.reportType-meta.xml","force-app/main/default/reportTypes/AAREG_Accounts_with_Applications_Decisions_Decision_Details.reportType-meta.xml","ReportType","AAREG_Accounts_with_Applications_Decisions_Decision_Details","Git-heuristikk; ikkje API-verifisert","Ikkje i main; sjekk org","","Ikkje undersøkt"
"2026-02-10T14:52:07+01:00","e285cce29b8708eff7816bb33cf914592391a89d","Sletta","","force-app","Report","Aa_registerReports/aareg_oversikt_konsument_og_kontaktpersoner","force-app/main/default/reports/Aa_registerReports/aareg_oversikt_konsument_og_kontaktpersoner.report-meta.xml","","","","","Ikkje i main; sjekk org","","Ikkje undersøkt"
"2026-02-05T11:59:03+01:00","e642738a646ca8c810ff99ab297af5a688c66544","Sletta","","force-app","CustomObjectTranslation","Application_Decision_Details__c-no","force-app/main/default/objectTranslations/Application_Decision_Details__c-no/Processing_basis_status__c.fieldTranslation-meta.xml","","","","","Komponenten finst i main (flytta/gjenoppretta/delvis sletta)","force-app/main/default/objectTranslations/Application_Decision_Details__c-no/API_Access__c.fieldTranslation-meta.xml | force-app/main/default/objectTranslations/Application_Decision_Details__c-no/Agreement__c.fieldTranslation-meta.xml | force-app/main/default/objectTranslations/Application_Decision_Details__c-no/Application_Decision_Details__c-no.objectTranslation-meta.xml | force-app/main/default/objectTranslations/Application_Decision_Details__c-no/Application_Decision__c.fieldTranslation-meta.xml | force-app/main/default/objectTranslations/Application_Decision_Details__c-no/Approved__c.fieldTranslation-meta.xml | force-app/main/default/objectTranslations/Application_Decision_Details__c-no/Decision_description__c.fieldTranslation-meta.xml | force-app/main/default/objectTranslations/Application_Decision_Details__c-no/Extraction_Access__c.fieldTranslation-meta.xml | force-app/main/default/objectTranslations/Application_Decision_Details__c-no/Legal_Basis__c.fieldTranslation-meta.xml | force-app/main/default/objectTranslations/Application_Decision_Details__c-no/Online_Access__c.fieldTranslation-meta.xml | force-app/main/default/objectTranslations/Application_Decision_Details__c-no/Processing_Basis__c.fieldTranslation-meta.xml | force-app/main/default/objectTranslations/Application_Decision_Details__c-no/Purpose__c.fieldTranslation-meta.xml","Ikkje undersøkt"
"2026-02-05T11:59:03+01:00","e642738a646ca8c810ff99ab297af5a688c66544","Sletta","","force-app","CustomObjectTranslation","Application_Decision__c-no","force-app/main/default/objectTranslations/Application_Decision__c-no/isDetailStatusFilled__c.fieldTranslation-meta.xml","","","","","Komponenten finst i main (flytta/gjenoppretta/delvis sletta)","force-app/main/default/objectTranslations/Application_Decision__c-no/Account_name__c.fieldTranslation-meta.xml | force-app/main/default/objectTranslations/Application_Decision__c-no/Agreement__c.fieldTranslation-meta.xml | force-app/main/default/objectTranslations/Application_Decision__c-no/Api_access_count__c.fieldTranslation-meta.xml | force-app/main/default/objectTranslations/Application_Decision__c-no/Application_Decision__c-no.objectTranslation-meta.xml | force-app/main/default/objectTranslations/Application_Decision__c-no/Application__c.fieldTranslation-meta.xml | force-app/main/default/objectTranslations/Application_Decision__c-no/Approved_count__c.fieldTranslation-meta.xml | force-app/main/default/objectTranslations/Application_Decision__c-no/Data_elements__c.fieldTranslation-meta.xml | force-app/main/default/objectTranslations/Application_Decision__c-no/Decision_date__c.fieldTranslation-meta.xml | force-app/main/default/objectTranslations/Application_Decision__c-no/Decision_description__c.fieldTranslation-meta.xml | force-app/main/default/objectTranslations/Application_Decision__c-no/Extract_access_count__c.fieldTranslation-meta.xml | force-app/main/default/objectTranslations/Application_Decision__c-no/Letter_complaint_text__c.fieldTranslation-meta.xml | force-app/main/default/objectTranslations/Application_Decision__c-no/Letter_github_text__c.fieldTranslation-meta.xml | force-app/main/default/objectTranslations/Application_Decision__c-no/Letter_terms_text__c.fieldTranslation-meta.xml | force-app/main/default/objectTranslations/Application_Decision__c-no/Letter_webaccess_text__c.fieldTranslation-meta.xml | force-app/main/default/objectTranslations/Application_Decision__c-no/P360_Document_Id__c.fieldTranslation-meta.xml | force-app/main/default/objectTranslations/Application_Decision__c-no/P360_Document_Number__c.fieldTranslation-meta.xml | force-app/main/default/objectTranslations/Application_Decision__c-no/P360_File_Id__c.fieldTranslation-meta.xml | force-app/main/default/objectTranslations/Application_Decision__c-no/Process_status__c.fieldTranslation-meta.xml | force-app/main/default/objectTranslations/Application_Decision__c-no/Ready_For_P360_Archive__c.fieldTranslation-meta.xml | force-app/main/default/objectTranslations/Application_Decision__c-no/Status__c.fieldTranslation-meta.xml | force-app/main/default/objectTranslations/Application_Decision__c-no/Total_count__c.fieldTranslation-meta.xml | force-app/main/default/objectTranslations/Application_Decision__c-no/Web_access_count__c.fieldTranslation-meta.xml","Ikkje undersøkt"
"2026-02-05T11:59:03+01:00","e642738a646ca8c810ff99ab297af5a688c66544","Sletta","","force-app","CustomObjectTranslation","Application_Decision__c-no","force-app/main/default/objectTranslations/Application_Decision__c-no/isNotNull__c.fieldTranslation-meta.xml","","","","","Komponenten finst i main (flytta/gjenoppretta/delvis sletta)","force-app/main/default/objectTranslations/Application_Decision__c-no/Account_name__c.fieldTranslation-meta.xml | force-app/main/default/objectTranslations/Application_Decision__c-no/Agreement__c.fieldTranslation-meta.xml | force-app/main/default/objectTranslations/Application_Decision__c-no/Api_access_count__c.fieldTranslation-meta.xml | force-app/main/default/objectTranslations/Application_Decision__c-no/Application_Decision__c-no.objectTranslation-meta.xml | force-app/main/default/objectTranslations/Application_Decision__c-no/Application__c.fieldTranslation-meta.xml | force-app/main/default/objectTranslations/Application_Decision__c-no/Approved_count__c.fieldTranslation-meta.xml | force-app/main/default/objectTranslations/Application_Decision__c-no/Data_elements__c.fieldTranslation-meta.xml | force-app/main/default/objectTranslations/Application_Decision__c-no/Decision_date__c.fieldTranslation-meta.xml | force-app/main/default/objectTranslations/Application_Decision__c-no/Decision_description__c.fieldTranslation-meta.xml | force-app/main/default/objectTranslations/Application_Decision__c-no/Extract_access_count__c.fieldTranslation-meta.xml | force-app/main/default/objectTranslations/Application_Decision__c-no/Letter_complaint_text__c.fieldTranslation-meta.xml | force-app/main/default/objectTranslations/Application_Decision__c-no/Letter_github_text__c.fieldTranslation-meta.xml | force-app/main/default/objectTranslations/Application_Decision__c-no/Letter_terms_text__c.fieldTranslation-meta.xml | force-app/main/default/objectTranslations/Application_Decision__c-no/Letter_webaccess_text__c.fieldTranslation-meta.xml | force-app/main/default/objectTranslations/Application_Decision__c-no/P360_Document_Id__c.fieldTranslation-meta.xml | force-app/main/default/objectTranslations/Application_Decision__c-no/P360_Document_Number__c.fieldTranslation-meta.xml | force-app/main/default/objectTranslations/Application_Decision__c-no/P360_File_Id__c.fieldTranslation-meta.xml | force-app/main/default/objectTranslations/Application_Decision__c-no/Process_status__c.fieldTranslation-meta.xml | force-app/main/default/objectTranslations/Application_Decision__c-no/Ready_For_P360_Archive__c.fieldTranslation-meta.xml | force-app/main/default/objectTranslations/Application_Decision__c-no/Status__c.fieldTranslation-meta.xml | force-app/main/default/objectTranslations/Application_Decision__c-no/Total_count__c.fieldTranslation-meta.xml | force-app/main/default/objectTranslations/Application_Decision__c-no/Web_access_count__c.fieldTranslation-meta.xml","Ikkje undersøkt"
"2026-02-05T11:59:03+01:00","e642738a646ca8c810ff99ab297af5a688c66544","Sletta","","force-app","CustomField","Application_Decision_Details__c.Processing_basis_status__c","force-app/main/default/objects/Application_Decision_Details__c/fields/Processing_basis_status__c.field-meta.xml","","","","","Ikkje i main; sjekk org","","Ikkje undersøkt"
"2026-02-05T08:58:18+01:00","5621f7001d55626cf0e22c8e6aa4685ceb3d3b2c","Sletta","","force-app","CustomField","Application_Decision__c.isDetailStatusFilled__c","force-app/main/default/objects/Application_Decision__c/fields/isDetailStatusFilled__c.field-meta.xml","","","","","Ikkje i main; sjekk org","","Ikkje undersøkt"
"2026-02-05T08:57:53+01:00","8f5ff7c2a5c7b1486350598538d79aaa9c4bf7bd","Sletta","","force-app","CustomField","Application_Decision__c.isNotNull__c","force-app/main/default/objects/Application_Decision__c/fields/isNotNull__c.field-meta.xml","","","","","Ikkje i main; sjekk org","","Ikkje undersøkt"
"2026-02-02T14:46:52+01:00","8a0b12e7322254888c207f09c599baf02bff3fee","Sletta","","force-app","ReportType","Decision_Detail_Master_Application_Account","force-app/main/default/reportTypes/Decision_Detail_Master_Application_Account.reportType-meta.xml","","","","","Ikkje i main; sjekk org","","Ikkje undersøkt"
"2026-01-30T21:10:27+01:00","be433d2e8ca14d43f44e6b3b36019cd380ce0e75","Flytta (same filnamn)","100","force-app","CustomMetadata","AAREG_Setting.ThreadRecordTypeName","force-app/main/default/customMetadata/AAREG_Setting.ThreadRecordTypeName.md-meta.xml","force-app/aareg_Dialog/customMetadata/AAREG_Setting.ThreadRecordTypeName.md-meta.xml","CustomMetadata","AAREG_Setting.ThreadRecordTypeName","Git-heuristikk; ikkje API-verifisert","Komponenten finst i main (flytta/gjenoppretta/delvis sletta)","force-app/dialog/customMetadata/AAREG_Setting.ThreadRecordTypeName.md-meta.xml","Ikkje undersøkt"
"2026-01-30T21:10:27+01:00","be433d2e8ca14d43f44e6b3b36019cd380ce0e75","Flytta (same filnamn)","100","force-app","CustomObject","AAREG_Setting__mdt","force-app/main/default/objects/AAREG_Setting__mdt/AAREG_Setting__mdt.object-meta.xml","force-app/aareg_Dialog/objects/AAREG_Setting__mdt/AAREG_Setting__mdt.object-meta.xml","CustomObject","AAREG_Setting__mdt","Git-heuristikk; ikkje API-verifisert","Komponenten finst i main (flytta/gjenoppretta/delvis sletta)","force-app/dialog/objects/AAREG_Setting__mdt/AAREG_Setting__mdt.object-meta.xml","Ikkje undersøkt"
"2026-01-30T21:10:27+01:00","be433d2e8ca14d43f44e6b3b36019cd380ce0e75","Flytta (same filnamn)","100","force-app","CustomField","AAREG_Setting__mdt.Value__c","force-app/main/default/objects/AAREG_Setting__mdt/fields/Value__c.field-meta.xml","force-app/aareg_Dialog/objects/AAREG_Setting__mdt/fields/Value__c.field-meta.xml","CustomField","AAREG_Setting__mdt.Value__c","Git-heuristikk; ikkje API-verifisert","Komponenten finst i main (flytta/gjenoppretta/delvis sletta)","force-app/dialog/objects/AAREG_Setting__mdt/fields/Value__c.field-meta.xml","Ikkje undersøkt"
"2026-01-30T21:10:27+01:00","be433d2e8ca14d43f44e6b3b36019cd380ce0e75","Endra filnamn (Git-heuristikk)","056","force-app","Flow","AAREG_Decision_create_agreement","force-app/main/default/flows/AAREG_Decision_create_agreement.flow-meta.xml","force-app/main/default/flows/AAREG_Decision_Completed.flow-meta.xml","Flow","AAREG_Decision_Completed","Git-heuristikk; ikkje API-verifisert","Ikkje i main; sjekk org","","Ikkje undersøkt"
"2026-01-30T21:10:27+01:00","be433d2e8ca14d43f44e6b3b36019cd380ce0e75","Endra filnamn (Git-heuristikk)","065","force-app","QuickAction","Application_Decision__c.AAREG_Create_agreement","force-app/main/default/quickActions/Application_Decision__c.AAREG_Create_agreement.quickAction-meta.xml","force-app/main/default/quickActions/Application_Decision__c.AAREG_completeDecision.quickAction-meta.xml","QuickAction","Application_Decision__c.AAREG_completeDecision","Git-heuristikk; ikkje API-verifisert","Ikkje i main; sjekk org","","Ikkje undersøkt"
"2026-01-30T21:10:27+01:00","be433d2e8ca14d43f44e6b3b36019cd380ce0e75","Sletta","","force-app","QuickAction","Application__c.aaReg_ApplicationDone","force-app/main/default/quickActions/Application__c.aaReg_ApplicationDone.quickAction-meta.xml","","","","","Ikkje i main; sjekk org","","Ikkje undersøkt"
"2026-01-28T21:29:46+01:00","66b44424e636cacc6c07571d20768ae80d9a9e7e","Flytta (same filnamn)","100","force-app","ApexClass","AAREG_CommunityUtils","force-app/main/default/classes/AAREG_CommunityUtils.cls","force-app/aareg_AccessExternal/classes/AAREG_CommunityUtils.cls","ApexClass","AAREG_CommunityUtils","Git-heuristikk; ikkje API-verifisert","Komponenten finst i main (flytta/gjenoppretta/delvis sletta)","force-app/externalAccess/classes/AAREG_CommunityUtils.cls | force-app/externalAccess/classes/AAREG_CommunityUtils.cls-meta.xml","Ikkje undersøkt"
"2026-01-28T21:29:46+01:00","66b44424e636cacc6c07571d20768ae80d9a9e7e","Flytta (same filnamn)","100","force-app","ApexClass","AAREG_CommunityUtils","force-app/main/default/classes/AAREG_CommunityUtils.cls-meta.xml","force-app/aareg_AccessExternal/classes/AAREG_CommunityUtils.cls-meta.xml","ApexClass","AAREG_CommunityUtils","Source og metadata-sidefil samsvarer","Komponenten finst i main (flytta/gjenoppretta/delvis sletta)","force-app/externalAccess/classes/AAREG_CommunityUtils.cls | force-app/externalAccess/classes/AAREG_CommunityUtils.cls-meta.xml","Ikkje undersøkt"
"2026-01-28T21:29:46+01:00","66b44424e636cacc6c07571d20768ae80d9a9e7e","Flytta (same filnamn)","100","force-app","ApexClass","AAREG_CommunityUtilsTest","force-app/main/default/classes/AAREG_CommunityUtilsTest.cls","force-app/aareg_AccessExternal/classes/AAREG_CommunityUtilsTest.cls","ApexClass","AAREG_CommunityUtilsTest","Git-heuristikk; ikkje API-verifisert","Komponenten finst i main (flytta/gjenoppretta/delvis sletta)","force-app/externalAccess/classes/AAREG_CommunityUtilsTest.cls | force-app/externalAccess/classes/AAREG_CommunityUtilsTest.cls-meta.xml","Ikkje undersøkt"
"2026-01-28T21:29:46+01:00","66b44424e636cacc6c07571d20768ae80d9a9e7e","Flytta (same filnamn)","100","force-app","ApexClass","AAREG_CommunityUtilsTest","force-app/main/default/classes/AAREG_CommunityUtilsTest.cls-meta.xml","force-app/aareg_AccessExternal/classes/AAREG_CommunityUtilsTest.cls-meta.xml","ApexClass","AAREG_CommunityUtilsTest","Source og metadata-sidefil samsvarer","Komponenten finst i main (flytta/gjenoppretta/delvis sletta)","force-app/externalAccess/classes/AAREG_CommunityUtilsTest.cls | force-app/externalAccess/classes/AAREG_CommunityUtilsTest.cls-meta.xml","Ikkje undersøkt"
"2026-01-28T21:29:46+01:00","66b44424e636cacc6c07571d20768ae80d9a9e7e","Flytta (same filnamn)","100","force-app","ApexClass","AAREG_HomeController","force-app/main/default/classes/AAREG_HomeController.cls","force-app/aareg_AccessExternal/classes/AAREG_HomeController.cls","ApexClass","AAREG_HomeController","Git-heuristikk; ikkje API-verifisert","Komponenten finst i main (flytta/gjenoppretta/delvis sletta)","force-app/externalAccess/classes/AAREG_HomeController.cls | force-app/externalAccess/classes/AAREG_HomeController.cls-meta.xml","Ikkje undersøkt"
"2026-01-28T21:29:46+01:00","66b44424e636cacc6c07571d20768ae80d9a9e7e","Flytta (same filnamn)","100","force-app","ApexClass","AAREG_HomeController","force-app/main/default/classes/AAREG_HomeController.cls-meta.xml","force-app/aareg_AccessExternal/classes/AAREG_HomeController.cls-meta.xml","ApexClass","AAREG_HomeController","Source og metadata-sidefil samsvarer","Komponenten finst i main (flytta/gjenoppretta/delvis sletta)","force-app/externalAccess/classes/AAREG_HomeController.cls | force-app/externalAccess/classes/AAREG_HomeController.cls-meta.xml","Ikkje undersøkt"
"2026-01-28T21:29:46+01:00","66b44424e636cacc6c07571d20768ae80d9a9e7e","Flytta (same filnamn)","100","force-app","ApexClass","AAREG_HomeControllerTest","force-app/main/default/classes/AAREG_HomeControllerTest.cls","force-app/aareg_AccessExternal/classes/AAREG_HomeControllerTest.cls","ApexClass","AAREG_HomeControllerTest","Git-heuristikk; ikkje API-verifisert","Komponenten finst i main (flytta/gjenoppretta/delvis sletta)","force-app/externalAccess/classes/AAREG_HomeControllerTest.cls | force-app/externalAccess/classes/AAREG_HomeControllerTest.cls-meta.xml","Ikkje undersøkt"
"2026-01-28T21:29:46+01:00","66b44424e636cacc6c07571d20768ae80d9a9e7e","Flytta (same filnamn)","100","force-app","ApexClass","AAREG_HomeControllerTest","force-app/main/default/classes/AAREG_HomeControllerTest.cls-meta.xml","force-app/aareg_AccessExternal/classes/AAREG_HomeControllerTest.cls-meta.xml","ApexClass","AAREG_HomeControllerTest","Source og metadata-sidefil samsvarer","Komponenten finst i main (flytta/gjenoppretta/delvis sletta)","force-app/externalAccess/classes/AAREG_HomeControllerTest.cls | force-app/externalAccess/classes/AAREG_HomeControllerTest.cls-meta.xml","Ikkje undersøkt"
"2026-01-28T21:29:46+01:00","66b44424e636cacc6c07571d20768ae80d9a9e7e","Flytta (same filnamn)","100","force-app","ApexClass","AAREG_accountSelector","force-app/main/default/classes/AAREG_accountSelector.cls","force-app/aareg_AccessExternal/classes/AAREG_accountSelector.cls","ApexClass","AAREG_accountSelector","Git-heuristikk; ikkje API-verifisert","Komponenten finst i main (flytta/gjenoppretta/delvis sletta)","force-app/externalAccess/classes/AAREG_accountSelector.cls | force-app/externalAccess/classes/AAREG_accountSelector.cls-meta.xml","Ikkje undersøkt"
"2026-01-28T21:29:46+01:00","66b44424e636cacc6c07571d20768ae80d9a9e7e","Flytta (same filnamn)","100","force-app","ApexClass","AAREG_accountSelector","force-app/main/default/classes/AAREG_accountSelector.cls-meta.xml","force-app/aareg_AccessExternal/classes/AAREG_accountSelector.cls-meta.xml","ApexClass","AAREG_accountSelector","Source og metadata-sidefil samsvarer","Komponenten finst i main (flytta/gjenoppretta/delvis sletta)","force-app/externalAccess/classes/AAREG_accountSelector.cls | force-app/externalAccess/classes/AAREG_accountSelector.cls-meta.xml","Ikkje undersøkt"
"2026-01-28T21:29:46+01:00","66b44424e636cacc6c07571d20768ae80d9a9e7e","Flytta (same filnamn)","100","force-app","ApexClass","AAREG_accountSelectorTest","force-app/main/default/classes/AAREG_accountSelectorTest.cls","force-app/aareg_AccessExternal/classes/AAREG_accountSelectorTest.cls","ApexClass","AAREG_accountSelectorTest","Git-heuristikk; ikkje API-verifisert","Komponenten finst i main (flytta/gjenoppretta/delvis sletta)","force-app/externalAccess/classes/AAREG_accountSelectorTest.cls | force-app/externalAccess/classes/AAREG_accountSelectorTest.cls-meta.xml","Ikkje undersøkt"
"2026-01-28T21:29:46+01:00","66b44424e636cacc6c07571d20768ae80d9a9e7e","Flytta (same filnamn)","100","force-app","ApexClass","AAREG_accountSelectorTest","force-app/main/default/classes/AAREG_accountSelectorTest.cls-meta.xml","force-app/aareg_AccessExternal/classes/AAREG_accountSelectorTest.cls-meta.xml","ApexClass","AAREG_accountSelectorTest","Source og metadata-sidefil samsvarer","Komponenten finst i main (flytta/gjenoppretta/delvis sletta)","force-app/externalAccess/classes/AAREG_accountSelectorTest.cls | force-app/externalAccess/classes/AAREG_accountSelectorTest.cls-meta.xml","Ikkje undersøkt"
"2026-01-28T21:29:46+01:00","66b44424e636cacc6c07571d20768ae80d9a9e7e","Flytta (same filnamn)","100","force-app","ApexClass","AAREG_MyAgreementsController","force-app/main/default/classes/AAREG_MyAgreementsController.cls","force-app/aareg_ApplicationAgreementExternal/classes/AAREG_MyAgreementsController.cls","ApexClass","AAREG_MyAgreementsController","Git-heuristikk; ikkje API-verifisert","Komponenten finst i main (flytta/gjenoppretta/delvis sletta)","force-app/externalAgreement/classes/AAREG_MyAgreementsController.cls | force-app/externalAgreement/classes/AAREG_MyAgreementsController.cls-meta.xml","Ikkje undersøkt"
"2026-01-28T21:29:46+01:00","66b44424e636cacc6c07571d20768ae80d9a9e7e","Flytta (same filnamn)","100","force-app","ApexClass","AAREG_MyAgreementsController","force-app/main/default/classes/AAREG_MyAgreementsController.cls-meta.xml","force-app/aareg_ApplicationAgreementExternal/classes/AAREG_MyAgreementsController.cls-meta.xml","ApexClass","AAREG_MyAgreementsController","Source og metadata-sidefil samsvarer","Komponenten finst i main (flytta/gjenoppretta/delvis sletta)","force-app/externalAgreement/classes/AAREG_MyAgreementsController.cls | force-app/externalAgreement/classes/AAREG_MyAgreementsController.cls-meta.xml","Ikkje undersøkt"
"2026-01-28T21:29:46+01:00","66b44424e636cacc6c07571d20768ae80d9a9e7e","Flytta (same filnamn)","085","force-app","ApexClass","AAREG_AgreementController","force-app/main/default/classes/AAREG_AgreementController.cls","force-app/aareg_ApplicationAgreementInternal/classes/AAREG_AgreementController.cls","ApexClass","AAREG_AgreementController","Git-heuristikk; ikkje API-verifisert","Komponenten finst i main (flytta/gjenoppretta/delvis sletta)","force-app/internalApplicationAgreement/classes/AAREG_AgreementController.cls | force-app/internalApplicationAgreement/classes/AAREG_AgreementController.cls-meta.xml","Ikkje undersøkt"
"2026-01-28T21:29:46+01:00","66b44424e636cacc6c07571d20768ae80d9a9e7e","Flytta (same filnamn)","100","force-app","ApexClass","AAREG_AgreementController","force-app/main/default/classes/AAREG_AgreementController.cls-meta.xml","force-app/aareg_ApplicationAgreementInternal/classes/AAREG_AgreementController.cls-meta.xml","ApexClass","AAREG_AgreementController","Source og metadata-sidefil samsvarer","Komponenten finst i main (flytta/gjenoppretta/delvis sletta)","force-app/internalApplicationAgreement/classes/AAREG_AgreementController.cls | force-app/internalApplicationAgreement/classes/AAREG_AgreementController.cls-meta.xml","Ikkje undersøkt"
"2026-01-28T21:29:46+01:00","66b44424e636cacc6c07571d20768ae80d9a9e7e","Flytta (same filnamn)","100","force-app","ApexClass","AAREG_AgreementControllerTest","force-app/main/default/classes/AAREG_AgreementControllerTest.cls","force-app/aareg_ApplicationAgreementInternal/classes/AAREG_AgreementControllerTest.cls","ApexClass","AAREG_AgreementControllerTest","Git-heuristikk; ikkje API-verifisert","Komponenten finst i main (flytta/gjenoppretta/delvis sletta)","force-app/internalApplicationAgreement/classes/AAREG_AgreementControllerTest.cls | force-app/internalApplicationAgreement/classes/AAREG_AgreementControllerTest.cls-meta.xml","Ikkje undersøkt"
"2026-01-28T21:29:46+01:00","66b44424e636cacc6c07571d20768ae80d9a9e7e","Flytta (same filnamn)","100","force-app","ApexClass","AAREG_AgreementControllerTest","force-app/main/default/classes/AAREG_AgreementControllerTest.cls-meta.xml","force-app/aareg_ApplicationAgreementInternal/classes/AAREG_AgreementControllerTest.cls-meta.xml","ApexClass","AAREG_AgreementControllerTest","Source og metadata-sidefil samsvarer","Komponenten finst i main (flytta/gjenoppretta/delvis sletta)","force-app/internalApplicationAgreement/classes/AAREG_AgreementControllerTest.cls | force-app/internalApplicationAgreement/classes/AAREG_AgreementControllerTest.cls-meta.xml","Ikkje undersøkt"
"2026-01-28T21:29:46+01:00","66b44424e636cacc6c07571d20768ae80d9a9e7e","Flytta (same filnamn)","100","force-app","ApexClass","AAREG_DeactivateAccessBatchTest","force-app/main/default/classes/AAREG_DeactivateAccessBatchTest.cls","force-app/aareg_ApplicationAgreementInternal/classes/AAREG_DeactivateAccessBatchTest.cls","ApexClass","AAREG_DeactivateAccessBatchTest","Git-heuristikk; ikkje API-verifisert","Komponenten finst i main (flytta/gjenoppretta/delvis sletta)","force-app/internalApplicationAgreement/classes/AAREG_DeactivateAccessBatchTest.cls | force-app/internalApplicationAgreement/classes/AAREG_DeactivateAccessBatchTest.cls-meta.xml","Ikkje undersøkt"
"2026-01-28T21:29:46+01:00","66b44424e636cacc6c07571d20768ae80d9a9e7e","Flytta (same filnamn)","100","force-app","ApexClass","AAREG_DeactivateAccessBatchTest","force-app/main/default/classes/AAREG_DeactivateAccessBatchTest.cls-meta.xml","force-app/aareg_ApplicationAgreementInternal/classes/AAREG_DeactivateAccessBatchTest.cls-meta.xml","ApexClass","AAREG_DeactivateAccessBatchTest","Source og metadata-sidefil samsvarer","Komponenten finst i main (flytta/gjenoppretta/delvis sletta)","force-app/internalApplicationAgreement/classes/AAREG_DeactivateAccessBatchTest.cls | force-app/internalApplicationAgreement/classes/AAREG_DeactivateAccessBatchTest.cls-meta.xml","Ikkje undersøkt"
"2026-01-28T21:29:46+01:00","66b44424e636cacc6c07571d20768ae80d9a9e7e","Flytta (same filnamn)","100","force-app","ApexClass","AAREG_DeactivateAccessOnDeletedOrgsBatch","force-app/main/default/classes/AAREG_DeactivateAccessOnDeletedOrgsBatch.cls","force-app/aareg_ApplicationAgreementInternal/classes/AAREG_DeactivateAccessOnDeletedOrgsBatch.cls","ApexClass","AAREG_DeactivateAccessOnDeletedOrgsBatch","Git-heuristikk; ikkje API-verifisert","Komponenten finst i main (flytta/gjenoppretta/delvis sletta)","force-app/internalApplicationAgreement/classes/AAREG_DeactivateAccessOnDeletedOrgsBatch.cls | force-app/internalApplicationAgreement/classes/AAREG_DeactivateAccessOnDeletedOrgsBatch.cls-meta.xml","Ikkje undersøkt"
"2026-01-28T21:29:46+01:00","66b44424e636cacc6c07571d20768ae80d9a9e7e","Flytta (same filnamn)","100","force-app","ApexClass","AAREG_DeactivateAccessOnDeletedOrgsBatch","force-app/main/default/classes/AAREG_DeactivateAccessOnDeletedOrgsBatch.cls-meta.xml","force-app/aareg_ApplicationAgreementInternal/classes/AAREG_DeactivateAccessOnDeletedOrgsBatch.cls-meta.xml","ApexClass","AAREG_DeactivateAccessOnDeletedOrgsBatch","Source og metadata-sidefil samsvarer","Komponenten finst i main (flytta/gjenoppretta/delvis sletta)","force-app/internalApplicationAgreement/classes/AAREG_DeactivateAccessOnDeletedOrgsBatch.cls | force-app/internalApplicationAgreement/classes/AAREG_DeactivateAccessOnDeletedOrgsBatch.cls-meta.xml","Ikkje undersøkt"
"2026-01-28T21:29:46+01:00","66b44424e636cacc6c07571d20768ae80d9a9e7e","Flytta (same filnamn)","100","force-app","ApexClass","AAREG_createContentVersionForAgreement","force-app/main/default/classes/AAREG_createContentVersionForAgreement.cls","force-app/aareg_ApplicationAgreementInternal/classes/AAREG_createContentVersionForAgreement.cls","ApexClass","AAREG_createContentVersionForAgreement","Git-heuristikk; ikkje API-verifisert","Komponenten finst i main (flytta/gjenoppretta/delvis sletta)","force-app/internalApplicationAgreement/classes/AAREG_createContentVersionForAgreement.cls | force-app/internalApplicationAgreement/classes/AAREG_createContentVersionForAgreement.cls-meta.xml","Ikkje undersøkt"
"2026-01-28T21:29:46+01:00","66b44424e636cacc6c07571d20768ae80d9a9e7e","Flytta (same filnamn)","100","force-app","ApexClass","AAREG_createContentVersionForAgreement","force-app/main/default/classes/AAREG_createContentVersionForAgreement.cls-meta.xml","force-app/aareg_ApplicationAgreementInternal/classes/AAREG_createContentVersionForAgreement.cls-meta.xml","ApexClass","AAREG_createContentVersionForAgreement","Source og metadata-sidefil samsvarer","Komponenten finst i main (flytta/gjenoppretta/delvis sletta)","force-app/internalApplicationAgreement/classes/AAREG_createContentVersionForAgreement.cls | force-app/internalApplicationAgreement/classes/AAREG_createContentVersionForAgreement.cls-meta.xml","Ikkje undersøkt"
"2026-01-28T21:29:46+01:00","66b44424e636cacc6c07571d20768ae80d9a9e7e","Flytta (same filnamn)","100","force-app","ApexClass","DecisionController","force-app/main/default/classes/DecisionController.cls","force-app/aareg_ApplicationDecisionExternal/classes/DecisionController.cls","ApexClass","DecisionController","Git-heuristikk; ikkje API-verifisert","Komponenten finst i main (flytta/gjenoppretta/delvis sletta)","force-app/externalApplicationDecision/classes/DecisionController.cls | force-app/externalApplicationDecision/classes/DecisionController.cls-meta.xml","Ikkje undersøkt"
"2026-01-28T21:29:46+01:00","66b44424e636cacc6c07571d20768ae80d9a9e7e","Flytta (same filnamn)","100","force-app","ApexClass","DecisionController","force-app/main/default/classes/DecisionController.cls-meta.xml","force-app/aareg_ApplicationDecisionExternal/classes/DecisionController.cls-meta.xml","ApexClass","DecisionController","Source og metadata-sidefil samsvarer","Komponenten finst i main (flytta/gjenoppretta/delvis sletta)","force-app/externalApplicationDecision/classes/DecisionController.cls | force-app/externalApplicationDecision/classes/DecisionController.cls-meta.xml","Ikkje undersøkt"
"2026-01-28T21:29:46+01:00","66b44424e636cacc6c07571d20768ae80d9a9e7e","Flytta (same filnamn)","100","force-app","ApexClass","DecisionControllerTest","force-app/main/default/classes/DecisionControllerTest.cls","force-app/aareg_ApplicationDecisionExternal/classes/DecisionControllerTest.cls","ApexClass","DecisionControllerTest","Git-heuristikk; ikkje API-verifisert","Komponenten finst i main (flytta/gjenoppretta/delvis sletta)","force-app/externalApplicationDecision/classes/DecisionControllerTest.cls | force-app/externalApplicationDecision/classes/DecisionControllerTest.cls-meta.xml","Ikkje undersøkt"
"2026-01-28T21:29:46+01:00","66b44424e636cacc6c07571d20768ae80d9a9e7e","Flytta (same filnamn)","100","force-app","ApexClass","DecisionControllerTest","force-app/main/default/classes/DecisionControllerTest.cls-meta.xml","force-app/aareg_ApplicationDecisionExternal/classes/DecisionControllerTest.cls-meta.xml","ApexClass","DecisionControllerTest","Source og metadata-sidefil samsvarer","Komponenten finst i main (flytta/gjenoppretta/delvis sletta)","force-app/externalApplicationDecision/classes/DecisionControllerTest.cls | force-app/externalApplicationDecision/classes/DecisionControllerTest.cls-meta.xml","Ikkje undersøkt"
"2026-01-28T21:29:46+01:00","66b44424e636cacc6c07571d20768ae80d9a9e7e","Flytta (same filnamn)","095","force-app","ApexClass","AAREG_ApplicationController","force-app/main/default/classes/AAREG_ApplicationController.cls","force-app/aareg_ApplicationExternal/classes/AAREG_ApplicationController.cls","ApexClass","AAREG_ApplicationController","Git-heuristikk; ikkje API-verifisert","Komponenten finst i main (flytta/gjenoppretta/delvis sletta)","force-app/externalApplication/classes/AAREG_ApplicationController.cls | force-app/externalApplication/classes/AAREG_ApplicationController.cls-meta.xml","Ikkje undersøkt"
"2026-01-28T21:29:46+01:00","66b44424e636cacc6c07571d20768ae80d9a9e7e","Flytta (same filnamn)","100","force-app","ApexClass","AAREG_ApplicationController","force-app/main/default/classes/AAREG_ApplicationController.cls-meta.xml","force-app/aareg_ApplicationExternal/classes/AAREG_ApplicationController.cls-meta.xml","ApexClass","AAREG_ApplicationController","Source og metadata-sidefil samsvarer","Komponenten finst i main (flytta/gjenoppretta/delvis sletta)","force-app/externalApplication/classes/AAREG_ApplicationController.cls | force-app/externalApplication/classes/AAREG_ApplicationController.cls-meta.xml","Ikkje undersøkt"
"2026-01-28T21:29:46+01:00","66b44424e636cacc6c07571d20768ae80d9a9e7e","Flytta (same filnamn)","078","force-app","ApexClass","AAREG_ApplicationControllerTest","force-app/main/default/classes/AAREG_ApplicationControllerTest.cls","force-app/aareg_ApplicationExternal/classes/AAREG_ApplicationControllerTest.cls","ApexClass","AAREG_ApplicationControllerTest","Git-heuristikk; ikkje API-verifisert","Komponenten finst i main (flytta/gjenoppretta/delvis sletta)","force-app/externalApplication/classes/AAREG_ApplicationControllerTest.cls | force-app/externalApplication/classes/AAREG_ApplicationControllerTest.cls-meta.xml","Ikkje undersøkt"
"2026-01-28T21:29:46+01:00","66b44424e636cacc6c07571d20768ae80d9a9e7e","Flytta (same filnamn)","100","force-app","ApexClass","AAREG_ApplicationControllerTest","force-app/main/default/classes/AAREG_ApplicationControllerTest.cls-meta.xml","force-app/aareg_ApplicationExternal/classes/AAREG_ApplicationControllerTest.cls-meta.xml","ApexClass","AAREG_ApplicationControllerTest","Source og metadata-sidefil samsvarer","Komponenten finst i main (flytta/gjenoppretta/delvis sletta)","force-app/externalApplication/classes/AAREG_ApplicationControllerTest.cls | force-app/externalApplication/classes/AAREG_ApplicationControllerTest.cls-meta.xml","Ikkje undersøkt"
"2026-01-28T21:29:46+01:00","66b44424e636cacc6c07571d20768ae80d9a9e7e","Flytta (same filnamn)","100","force-app","ApexClass","AAREG_MyApplicationsController","force-app/main/default/classes/AAREG_MyApplicationsController.cls","force-app/aareg_ApplicationExternal/classes/AAREG_MyApplicationsController.cls","ApexClass","AAREG_MyApplicationsController","Git-heuristikk; ikkje API-verifisert","Komponenten finst i main (flytta/gjenoppretta/delvis sletta)","force-app/externalApplication/classes/AAREG_MyApplicationsController.cls | force-app/externalApplication/classes/AAREG_MyApplicationsController.cls-meta.xml","Ikkje undersøkt"
"2026-01-28T21:29:46+01:00","66b44424e636cacc6c07571d20768ae80d9a9e7e","Flytta (same filnamn)","100","force-app","ApexClass","AAREG_MyApplicationsController","force-app/main/default/classes/AAREG_MyApplicationsController.cls-meta.xml","force-app/aareg_ApplicationExternal/classes/AAREG_MyApplicationsController.cls-meta.xml","ApexClass","AAREG_MyApplicationsController","Source og metadata-sidefil samsvarer","Komponenten finst i main (flytta/gjenoppretta/delvis sletta)","force-app/externalApplication/classes/AAREG_MyApplicationsController.cls | force-app/externalApplication/classes/AAREG_MyApplicationsController.cls-meta.xml","Ikkje undersøkt"
"2026-01-28T21:29:46+01:00","66b44424e636cacc6c07571d20768ae80d9a9e7e","Flytta (same filnamn)","100","force-app","ApexClass","AAREG_MyApplicationsControllerTest","force-app/main/default/classes/AAREG_MyApplicationsControllerTest.cls","force-app/aareg_ApplicationExternal/classes/AAREG_MyApplicationsControllerTest.cls","ApexClass","AAREG_MyApplicationsControllerTest","Git-heuristikk; ikkje API-verifisert","Komponenten finst i main (flytta/gjenoppretta/delvis sletta)","force-app/externalApplication/classes/AAREG_MyApplicationsControllerTest.cls | force-app/externalApplication/classes/AAREG_MyApplicationsControllerTest.cls-meta.xml","Ikkje undersøkt"
"2026-01-28T21:29:46+01:00","66b44424e636cacc6c07571d20768ae80d9a9e7e","Flytta (same filnamn)","100","force-app","ApexClass","AAREG_MyApplicationsControllerTest","force-app/main/default/classes/AAREG_MyApplicationsControllerTest.cls-meta.xml","force-app/aareg_ApplicationExternal/classes/AAREG_MyApplicationsControllerTest.cls-meta.xml","ApexClass","AAREG_MyApplicationsControllerTest","Source og metadata-sidefil samsvarer","Komponenten finst i main (flytta/gjenoppretta/delvis sletta)","force-app/externalApplication/classes/AAREG_MyApplicationsControllerTest.cls | force-app/externalApplication/classes/AAREG_MyApplicationsControllerTest.cls-meta.xml","Ikkje undersøkt"
"2026-01-28T21:29:46+01:00","66b44424e636cacc6c07571d20768ae80d9a9e7e","Flytta (same filnamn)","100","force-app","ApexClass","AAREG_CodeBaseListController","force-app/main/default/classes/AAREG_CodeBaseListController.cls","force-app/aareg_CodeBaseList/classes/AAREG_CodeBaseListController.cls","ApexClass","AAREG_CodeBaseListController","Git-heuristikk; ikkje API-verifisert","Komponenten finst i main (flytta/gjenoppretta/delvis sletta)","force-app/aareg_CodeBaseList/classes/AAREG_CodeBaseListController.cls | force-app/aareg_CodeBaseList/classes/AAREG_CodeBaseListController.cls-meta.xml","Ikkje undersøkt"
"2026-01-28T21:29:46+01:00","66b44424e636cacc6c07571d20768ae80d9a9e7e","Flytta (same filnamn)","100","force-app","ApexClass","AAREG_CodeBaseListController","force-app/main/default/classes/AAREG_CodeBaseListController.cls-meta.xml","force-app/aareg_CodeBaseList/classes/AAREG_CodeBaseListController.cls-meta.xml","ApexClass","AAREG_CodeBaseListController","Source og metadata-sidefil samsvarer","Komponenten finst i main (flytta/gjenoppretta/delvis sletta)","force-app/aareg_CodeBaseList/classes/AAREG_CodeBaseListController.cls | force-app/aareg_CodeBaseList/classes/AAREG_CodeBaseListController.cls-meta.xml","Ikkje undersøkt"
"2026-01-28T21:29:46+01:00","66b44424e636cacc6c07571d20768ae80d9a9e7e","Flytta (same filnamn)","100","force-app","ApexClass","AAREG_CodeBaseListControllerTest","force-app/main/default/classes/AAREG_CodeBaseListControllerTest.cls","force-app/aareg_CodeBaseList/classes/AAREG_CodeBaseListControllerTest.cls","ApexClass","AAREG_CodeBaseListControllerTest","Git-heuristikk; ikkje API-verifisert","Komponenten finst i main (flytta/gjenoppretta/delvis sletta)","force-app/aareg_CodeBaseList/classes/AAREG_CodeBaseListControllerTest.cls | force-app/aareg_CodeBaseList/classes/AAREG_CodeBaseListControllerTest.cls-meta.xml","Ikkje undersøkt"
"2026-01-28T21:29:46+01:00","66b44424e636cacc6c07571d20768ae80d9a9e7e","Flytta (same filnamn)","100","force-app","ApexClass","AAREG_CodeBaseListControllerTest","force-app/main/default/classes/AAREG_CodeBaseListControllerTest.cls-meta.xml","force-app/aareg_CodeBaseList/classes/AAREG_CodeBaseListControllerTest.cls-meta.xml","ApexClass","AAREG_CodeBaseListControllerTest","Source og metadata-sidefil samsvarer","Komponenten finst i main (flytta/gjenoppretta/delvis sletta)","force-app/aareg_CodeBaseList/classes/AAREG_CodeBaseListControllerTest.cls | force-app/aareg_CodeBaseList/classes/AAREG_CodeBaseListControllerTest.cls-meta.xml","Ikkje undersøkt"
"2026-01-28T21:29:46+01:00","66b44424e636cacc6c07571d20768ae80d9a9e7e","Flytta (same filnamn)","100","force-app","ApexClass","AAREG_ContactSupportControllerTest","force-app/main/default/classes/AAREG_ContactSupportControllerTest.cls","force-app/aareg_Dialog/classes/AAREG_ContactSupportControllerTest.cls","ApexClass","AAREG_ContactSupportControllerTest","Git-heuristikk; ikkje API-verifisert","Komponenten finst i main (flytta/gjenoppretta/delvis sletta)","force-app/dialog/classes/AAREG_ContactSupportControllerTest.cls | force-app/dialog/classes/AAREG_ContactSupportControllerTest.cls-meta.xml","Ikkje undersøkt"
"2026-01-28T21:29:46+01:00","66b44424e636cacc6c07571d20768ae80d9a9e7e","Flytta (same filnamn)","100","force-app","ApexClass","AAREG_ContactSupportControllerTest","force-app/main/default/classes/AAREG_ContactSupportControllerTest.cls-meta.xml","force-app/aareg_Dialog/classes/AAREG_ContactSupportControllerTest.cls-meta.xml","ApexClass","AAREG_ContactSupportControllerTest","Source og metadata-sidefil samsvarer","Komponenten finst i main (flytta/gjenoppretta/delvis sletta)","force-app/dialog/classes/AAREG_ContactSupportControllerTest.cls | force-app/dialog/classes/AAREG_ContactSupportControllerTest.cls-meta.xml","Ikkje undersøkt"
"2026-01-28T21:29:46+01:00","66b44424e636cacc6c07571d20768ae80d9a9e7e","Flytta (same filnamn)","100","force-app","ApexClass","AAREG_MyThreadsController","force-app/main/default/classes/AAREG_MyThreadsController.cls","force-app/aareg_Dialog/classes/AAREG_MyThreadsController.cls","ApexClass","AAREG_MyThreadsController","Git-heuristikk; ikkje API-verifisert","Komponenten finst i main (flytta/gjenoppretta/delvis sletta)","force-app/dialog/classes/AAREG_MyThreadsController.cls | force-app/dialog/classes/AAREG_MyThreadsController.cls-meta.xml","Ikkje undersøkt"
"2026-01-28T21:29:46+01:00","66b44424e636cacc6c07571d20768ae80d9a9e7e","Flytta (same filnamn)","100","force-app","ApexClass","AAREG_MyThreadsController","force-app/main/default/classes/AAREG_MyThreadsController.cls-meta.xml","force-app/aareg_Dialog/classes/AAREG_MyThreadsController.cls-meta.xml","ApexClass","AAREG_MyThreadsController","Source og metadata-sidefil samsvarer","Komponenten finst i main (flytta/gjenoppretta/delvis sletta)","force-app/dialog/classes/AAREG_MyThreadsController.cls | force-app/dialog/classes/AAREG_MyThreadsController.cls-meta.xml","Ikkje undersøkt"
"2026-01-28T21:29:46+01:00","66b44424e636cacc6c07571d20768ae80d9a9e7e","Flytta (same filnamn)","100","force-app","ApexClass","AAREG_MyThreadsControllerTest","force-app/main/default/classes/AAREG_MyThreadsControllerTest.cls","force-app/aareg_Dialog/classes/AAREG_MyThreadsControllerTest.cls","ApexClass","AAREG_MyThreadsControllerTest","Git-heuristikk; ikkje API-verifisert","Komponenten finst i main (flytta/gjenoppretta/delvis sletta)","force-app/dialog/classes/AAREG_MyThreadsControllerTest.cls | force-app/dialog/classes/AAREG_MyThreadsControllerTest.cls-meta.xml","Ikkje undersøkt"
"2026-01-28T21:29:46+01:00","66b44424e636cacc6c07571d20768ae80d9a9e7e","Flytta (same filnamn)","100","force-app","ApexClass","AAREG_MyThreadsControllerTest","force-app/main/default/classes/AAREG_MyThreadsControllerTest.cls-meta.xml","force-app/aareg_Dialog/classes/AAREG_MyThreadsControllerTest.cls-meta.xml","ApexClass","AAREG_MyThreadsControllerTest","Source og metadata-sidefil samsvarer","Komponenten finst i main (flytta/gjenoppretta/delvis sletta)","force-app/dialog/classes/AAREG_MyThreadsControllerTest.cls | force-app/dialog/classes/AAREG_MyThreadsControllerTest.cls-meta.xml","Ikkje undersøkt"
"2026-01-28T21:29:46+01:00","66b44424e636cacc6c07571d20768ae80d9a9e7e","Flytta (same filnamn)","100","force-app","ApexClass","AAREG_contactSupportController","force-app/main/default/classes/AAREG_contactSupportController.cls","force-app/aareg_Dialog/classes/AAREG_contactSupportController.cls","ApexClass","AAREG_contactSupportController","Git-heuristikk; ikkje API-verifisert","Komponenten finst i main (flytta/gjenoppretta/delvis sletta)","force-app/dialog/classes/AAREG_contactSupportController.cls | force-app/dialog/classes/AAREG_contactSupportController.cls-meta.xml","Ikkje undersøkt"
"2026-01-28T21:29:46+01:00","66b44424e636cacc6c07571d20768ae80d9a9e7e","Flytta (same filnamn)","100","force-app","ApexClass","AAREG_contactSupportController","force-app/main/default/classes/AAREG_contactSupportController.cls-meta.xml","force-app/aareg_Dialog/classes/AAREG_contactSupportController.cls-meta.xml","ApexClass","AAREG_contactSupportController","Source og metadata-sidefil samsvarer","Komponenten finst i main (flytta/gjenoppretta/delvis sletta)","force-app/dialog/classes/AAREG_contactSupportController.cls | force-app/dialog/classes/AAREG_contactSupportController.cls-meta.xml","Ikkje undersøkt"
"2026-01-28T21:29:46+01:00","66b44424e636cacc6c07571d20768ae80d9a9e7e","Flytta (same filnamn)","100","force-app","ApexClass","AAREG_distributionAccessController","force-app/main/default/classes/AAREG_distributionAccessController.cls","force-app/aareg_DistributionAccess/classes/AAREG_distributionAccessController.cls","ApexClass","AAREG_distributionAccessController","Git-heuristikk; ikkje API-verifisert","Komponenten finst i main (flytta/gjenoppretta/delvis sletta)","force-app/integration/distributionAccess/classes/AAREG_distributionAccessController.cls | force-app/integration/distributionAccess/classes/AAREG_distributionAccessController.cls-meta.xml","Ikkje undersøkt"
"2026-01-28T21:29:46+01:00","66b44424e636cacc6c07571d20768ae80d9a9e7e","Flytta (same filnamn)","100","force-app","ApexClass","AAREG_distributionAccessController","force-app/main/default/classes/AAREG_distributionAccessController.cls-meta.xml","force-app/aareg_DistributionAccess/classes/AAREG_distributionAccessController.cls-meta.xml","ApexClass","AAREG_distributionAccessController","Source og metadata-sidefil samsvarer","Komponenten finst i main (flytta/gjenoppretta/delvis sletta)","force-app/integration/distributionAccess/classes/AAREG_distributionAccessController.cls | force-app/integration/distributionAccess/classes/AAREG_distributionAccessController.cls-meta.xml","Ikkje undersøkt"
"2026-01-28T21:29:46+01:00","66b44424e636cacc6c07571d20768ae80d9a9e7e","Flytta (same filnamn)","100","force-app","ApexClass","AAREG_distributionAccessRequest","force-app/main/default/classes/AAREG_distributionAccessRequest.cls","force-app/aareg_DistributionAccess/classes/AAREG_distributionAccessRequest.cls","ApexClass","AAREG_distributionAccessRequest","Git-heuristikk; ikkje API-verifisert","Komponenten finst i main (flytta/gjenoppretta/delvis sletta)","force-app/integration/distributionAccess/classes/AAREG_distributionAccessRequest.cls | force-app/integration/distributionAccess/classes/AAREG_distributionAccessRequest.cls-meta.xml","Ikkje undersøkt"
"2026-01-28T21:29:46+01:00","66b44424e636cacc6c07571d20768ae80d9a9e7e","Flytta (same filnamn)","100","force-app","ApexClass","AAREG_distributionAccessRequest","force-app/main/default/classes/AAREG_distributionAccessRequest.cls-meta.xml","force-app/aareg_DistributionAccess/classes/AAREG_distributionAccessRequest.cls-meta.xml","ApexClass","AAREG_distributionAccessRequest","Source og metadata-sidefil samsvarer","Komponenten finst i main (flytta/gjenoppretta/delvis sletta)","force-app/integration/distributionAccess/classes/AAREG_distributionAccessRequest.cls | force-app/integration/distributionAccess/classes/AAREG_distributionAccessRequest.cls-meta.xml","Ikkje undersøkt"
"2026-01-28T21:29:46+01:00","66b44424e636cacc6c07571d20768ae80d9a9e7e","Flytta (same filnamn)","100","force-app","ApexClass","AAREG_MultiSelectFlowValues","force-app/main/default/classes/AAREG_MultiSelectFlowValues.cls","force-app/aareg_Utility/classes/AAREG_MultiSelectFlowValues.cls","ApexClass","AAREG_MultiSelectFlowValues","Git-heuristikk; ikkje API-verifisert","Komponenten finst i main (flytta/gjenoppretta/delvis sletta)","force-app/utility/classes/AAREG_MultiSelectFlowValues.cls | force-app/utility/classes/AAREG_MultiSelectFlowValues.cls-meta.xml","Ikkje undersøkt"
"2026-01-28T21:29:46+01:00","66b44424e636cacc6c07571d20768ae80d9a9e7e","Flytta (same filnamn)","100","force-app","ApexClass","AAREG_MultiSelectFlowValues","force-app/main/default/classes/AAREG_MultiSelectFlowValues.cls-meta.xml","force-app/aareg_Utility/classes/AAREG_MultiSelectFlowValues.cls-meta.xml","ApexClass","AAREG_MultiSelectFlowValues","Source og metadata-sidefil samsvarer","Komponenten finst i main (flytta/gjenoppretta/delvis sletta)","force-app/utility/classes/AAREG_MultiSelectFlowValues.cls | force-app/utility/classes/AAREG_MultiSelectFlowValues.cls-meta.xml","Ikkje undersøkt"
"2026-01-28T21:29:46+01:00","66b44424e636cacc6c07571d20768ae80d9a9e7e","Flytta (same filnamn)","100","force-app","ApexClass","AAREG_MultiSelectFlowValuesTest","force-app/main/default/classes/AAREG_MultiSelectFlowValuesTest.cls","force-app/aareg_Utility/classes/AAREG_MultiSelectFlowValuesTest.cls","ApexClass","AAREG_MultiSelectFlowValuesTest","Git-heuristikk; ikkje API-verifisert","Komponenten finst i main (flytta/gjenoppretta/delvis sletta)","force-app/utility/classes/AAREG_MultiSelectFlowValuesTest.cls | force-app/utility/classes/AAREG_MultiSelectFlowValuesTest.cls-meta.xml","Ikkje undersøkt"
"2026-01-28T21:29:46+01:00","66b44424e636cacc6c07571d20768ae80d9a9e7e","Flytta (same filnamn)","100","force-app","ApexClass","AAREG_MultiSelectFlowValuesTest","force-app/main/default/classes/AAREG_MultiSelectFlowValuesTest.cls-meta.xml","force-app/aareg_Utility/classes/AAREG_MultiSelectFlowValuesTest.cls-meta.xml","ApexClass","AAREG_MultiSelectFlowValuesTest","Source og metadata-sidefil samsvarer","Komponenten finst i main (flytta/gjenoppretta/delvis sletta)","force-app/utility/classes/AAREG_MultiSelectFlowValuesTest.cls | force-app/utility/classes/AAREG_MultiSelectFlowValuesTest.cls-meta.xml","Ikkje undersøkt"
"2026-01-28T21:29:46+01:00","66b44424e636cacc6c07571d20768ae80d9a9e7e","Flytta (same filnamn)","084","force-app","ApexClass","AAREG_TestDataFactory","force-app/main/default/classes/AAREG_TestDataFactory.cls","force-app/aareg_Utility/classes/AAREG_TestDataFactory.cls","ApexClass","AAREG_TestDataFactory","Git-heuristikk; ikkje API-verifisert","Komponenten finst i main (flytta/gjenoppretta/delvis sletta)","force-app/utility/classes/AAREG_TestDataFactory.cls | force-app/utility/classes/AAREG_TestDataFactory.cls-meta.xml","Ikkje undersøkt"
"2026-01-28T21:29:46+01:00","66b44424e636cacc6c07571d20768ae80d9a9e7e","Flytta (same filnamn)","100","force-app","ApexClass","AAREG_TestDataFactory","force-app/main/default/classes/AAREG_TestDataFactory.cls-meta.xml","force-app/aareg_Utility/classes/AAREG_TestDataFactory.cls-meta.xml","ApexClass","AAREG_TestDataFactory","Source og metadata-sidefil samsvarer","Komponenten finst i main (flytta/gjenoppretta/delvis sletta)","force-app/utility/classes/AAREG_TestDataFactory.cls | force-app/utility/classes/AAREG_TestDataFactory.cls-meta.xml","Ikkje undersøkt"
"2026-01-28T21:29:46+01:00","66b44424e636cacc6c07571d20768ae80d9a9e7e","Flytta (same filnamn)","100","force-app","ApexClass","AAREG_Utility","force-app/main/default/classes/AAREG_Utility.cls","force-app/aareg_Utility/classes/AAREG_Utility.cls","ApexClass","AAREG_Utility","Git-heuristikk; ikkje API-verifisert","Komponenten finst i main (flytta/gjenoppretta/delvis sletta)","force-app/utility/classes/AAREG_Utility.cls | force-app/utility/classes/AAREG_Utility.cls-meta.xml","Ikkje undersøkt"
"2026-01-28T21:29:46+01:00","66b44424e636cacc6c07571d20768ae80d9a9e7e","Flytta (same filnamn)","100","force-app","ApexClass","AAREG_Utility","force-app/main/default/classes/AAREG_Utility.cls-meta.xml","force-app/aareg_Utility/classes/AAREG_Utility.cls-meta.xml","ApexClass","AAREG_Utility","Source og metadata-sidefil samsvarer","Komponenten finst i main (flytta/gjenoppretta/delvis sletta)","force-app/utility/classes/AAREG_Utility.cls | force-app/utility/classes/AAREG_Utility.cls-meta.xml","Ikkje undersøkt"
"2026-01-28T21:29:46+01:00","66b44424e636cacc6c07571d20768ae80d9a9e7e","Flytta (same filnamn)","100","force-app","ApexClass","AAREG_UtilityTest","force-app/main/default/classes/AAREG_UtilityTest.cls","force-app/aareg_Utility/classes/AAREG_UtilityTest.cls","ApexClass","AAREG_UtilityTest","Git-heuristikk; ikkje API-verifisert","Komponenten finst i main (flytta/gjenoppretta/delvis sletta)","force-app/utility/classes/AAREG_UtilityTest.cls | force-app/utility/classes/AAREG_UtilityTest.cls-meta.xml","Ikkje undersøkt"
"2026-01-28T21:29:46+01:00","66b44424e636cacc6c07571d20768ae80d9a9e7e","Flytta (same filnamn)","100","force-app","ApexClass","AAREG_UtilityTest","force-app/main/default/classes/AAREG_UtilityTest.cls-meta.xml","force-app/aareg_Utility/classes/AAREG_UtilityTest.cls-meta.xml","ApexClass","AAREG_UtilityTest","Source og metadata-sidefil samsvarer","Komponenten finst i main (flytta/gjenoppretta/delvis sletta)","force-app/utility/classes/AAREG_UtilityTest.cls | force-app/utility/classes/AAREG_UtilityTest.cls-meta.xml","Ikkje undersøkt"
"2026-01-28T21:29:46+01:00","66b44424e636cacc6c07571d20768ae80d9a9e7e","Flytta (same filnamn)","070","force-app","ApexClass","AAREG_checkObjectTypeNameche","force-app/main/default/classes/AAREG_checkObjectTypeNameche.cls","force-app/aareg_Utility/classes/AAREG_checkObjectTypeNameche.cls","ApexClass","AAREG_checkObjectTypeNameche","Git-heuristikk; ikkje API-verifisert","Komponenten finst i main (flytta/gjenoppretta/delvis sletta)","force-app/utility/classes/AAREG_checkObjectTypeNameche.cls | force-app/utility/classes/AAREG_checkObjectTypeNameche.cls-meta.xml","Ikkje undersøkt"
"2026-01-28T21:29:46+01:00","66b44424e636cacc6c07571d20768ae80d9a9e7e","Flytta (same filnamn)","100","force-app","ApexClass","AAREG_checkObjectTypeNameche","force-app/main/default/classes/AAREG_checkObjectTypeNameche.cls-meta.xml","force-app/aareg_Utility/classes/AAREG_checkObjectTypeNameche.cls-meta.xml","ApexClass","AAREG_checkObjectTypeNameche","Source og metadata-sidefil samsvarer","Komponenten finst i main (flytta/gjenoppretta/delvis sletta)","force-app/utility/classes/AAREG_checkObjectTypeNameche.cls | force-app/utility/classes/AAREG_checkObjectTypeNameche.cls-meta.xml","Ikkje undersøkt"
"2026-01-19T23:16:14+01:00","26cadbeabbc012b8a02fb1f6fe168620625faccf","Sletta","","force-app","Layout","Application_Decision_Details__c-Oppsettet Application Decision","force-app/main/default/layouts/Application_Decision_Details__c-Oppsettet Application Decision.layout-meta.xml","","","","","Ikkje i main; sjekk org","","Ikkje undersøkt"
"2026-01-19T23:16:14+01:00","26cadbeabbc012b8a02fb1f6fe168620625faccf","Endra filnamn (Git-heuristikk)","074","force-app","CustomField","Application_Decision_Details__c.Letter_complaint_section__c","force-app/main/default/objects/Application_Decision_Details__c/fields/Letter_complaint_section__c.field-meta.xml","force-app/main/default/objects/Application_Decision__c/fields/Letter_complaint_text__c.field-meta.xml","CustomField","Application_Decision__c.Letter_complaint_text__c","Git-heuristikk; ikkje API-verifisert","Ikkje i main; sjekk org","","Ikkje undersøkt"
"2026-01-19T23:16:14+01:00","26cadbeabbc012b8a02fb1f6fe168620625faccf","Endra filnamn (Git-heuristikk)","075","force-app","CustomField","Application_Decision_Details__c.Letter_terms_section__c","force-app/main/default/objects/Application_Decision_Details__c/fields/Letter_terms_section__c.field-meta.xml","force-app/main/default/objects/Application_Decision__c/fields/Letter_terms_text__c.field-meta.xml","CustomField","Application_Decision__c.Letter_terms_text__c","Git-heuristikk; ikkje API-verifisert","Ikkje i main; sjekk org","","Ikkje undersøkt"
"2026-01-19T23:16:14+01:00","26cadbeabbc012b8a02fb1f6fe168620625faccf","Sletta","","force-app","PermissionSet","AAREG_Arbeidsforhold_Saksbehandling","force-app/main/default/permissionsets/AAREG_Arbeidsforhold_Saksbehandling.permissionset-meta.xml","","","","","Komponenten finst i main (flytta/gjenoppretta/delvis sletta)","force-app/main/default/permissionsets/AAREG_Arbeidsforhold_Saksbehandling.permissionset-meta.xml","Ikkje undersøkt"
"2026-01-15T22:58:09+01:00","897a49bb6a2f559bfdbe52fc1617f0073ef560bd","Sletta","","force-app","Flow","AAREG_changeCasehandler","force-app/main/default/flows/AAREG_changeCasehandler.flow-meta.xml","","","","","Ikkje i main; sjekk org","","Ikkje undersøkt"
"2026-01-11T22:25:39+01:00","8dbf7ec5bdbbb2e703af681f88be26c59dc21d47","Endra filnamn (Git-heuristikk)","080","force-app","ApexClass","AAREG_ArchiveBatchHandler","force-app/aareg_Websak/classes/AAREG_ArchiveBatchHandler.cls-meta.xml","force-app/aareg_ApplicationInternal/classes/AAREG_ApplicationInternalControllerTest.cls-meta.xml","ApexClass","AAREG_ApplicationInternalControllerTest","Berre metadata-sidefil; mogleg feilkopling","Ikkje i main; sjekk org","","Ikkje undersøkt"
"2026-01-11T22:25:39+01:00","8dbf7ec5bdbbb2e703af681f88be26c59dc21d47","Sletta","","force-app","ApexClass","AAREG_ApplicationArchiveBatch","force-app/aareg_Websak/classes/AAREG_ApplicationArchiveBatch.cls","","","","","Ikkje i main; sjekk org","","Ikkje undersøkt"
"2026-01-11T22:25:39+01:00","8dbf7ec5bdbbb2e703af681f88be26c59dc21d47","Sletta","","force-app","ApexClass","AAREG_ApplicationArchiveBatch","force-app/aareg_Websak/classes/AAREG_ApplicationArchiveBatch.cls-meta.xml","","","","","Ikkje i main; sjekk org","","Ikkje undersøkt"
"2026-01-11T22:25:39+01:00","8dbf7ec5bdbbb2e703af681f88be26c59dc21d47","Sletta","","force-app","ApexClass","AAREG_ApplicationArchiveBatchTest","force-app/aareg_Websak/classes/AAREG_ApplicationArchiveBatchTest.cls","","","","","Ikkje i main; sjekk org","","Ikkje undersøkt"
"2026-01-11T22:25:39+01:00","8dbf7ec5bdbbb2e703af681f88be26c59dc21d47","Sletta","","force-app","ApexClass","AAREG_ApplicationArchiveBatchTest","force-app/aareg_Websak/classes/AAREG_ApplicationArchiveBatchTest.cls-meta.xml","","","","","Ikkje i main; sjekk org","","Ikkje undersøkt"
"2026-01-11T22:25:39+01:00","8dbf7ec5bdbbb2e703af681f88be26c59dc21d47","Sletta","","force-app","ApexClass","AAREG_ArchiveBatchHandler","force-app/aareg_Websak/classes/AAREG_ArchiveBatchHandler.cls","","","","","Ikkje i main; sjekk org","","Ikkje undersøkt"
"2026-01-11T22:25:39+01:00","8dbf7ec5bdbbb2e703af681f88be26c59dc21d47","Sletta","","force-app","ApexClass","AAREG_ArchiveBatchHandlerTest","force-app/aareg_Websak/classes/AAREG_ArchiveBatchHandlerTest.cls","","","","","Ikkje i main; sjekk org","","Ikkje undersøkt"
"2026-01-11T22:25:39+01:00","8dbf7ec5bdbbb2e703af681f88be26c59dc21d47","Sletta","","force-app","ApexClass","AAREG_ArchiveBatchHandlerTest","force-app/aareg_Websak/classes/AAREG_ArchiveBatchHandlerTest.cls-meta.xml","","","","","Ikkje i main; sjekk org","","Ikkje undersøkt"
"2026-01-11T22:25:39+01:00","8dbf7ec5bdbbb2e703af681f88be26c59dc21d47","Sletta","","force-app","ApexClass","AAREG_ArchiveScheduler","force-app/aareg_Websak/classes/AAREG_ArchiveScheduler.cls","","","","","Ikkje i main; sjekk org","","Ikkje undersøkt"
"2026-01-11T22:25:39+01:00","8dbf7ec5bdbbb2e703af681f88be26c59dc21d47","Sletta","","force-app","ApexClass","AAREG_ArchiveScheduler","force-app/aareg_Websak/classes/AAREG_ArchiveScheduler.cls-meta.xml","","","","","Ikkje i main; sjekk org","","Ikkje undersøkt"
"2026-01-11T22:25:39+01:00","8dbf7ec5bdbbb2e703af681f88be26c59dc21d47","Sletta","","force-app","ApexClass","AAREG_ArchiveSchedulerTest","force-app/aareg_Websak/classes/AAREG_ArchiveSchedulerTest.cls","","","","","Ikkje i main; sjekk org","","Ikkje undersøkt"
"2026-01-11T22:25:39+01:00","8dbf7ec5bdbbb2e703af681f88be26c59dc21d47","Sletta","","force-app","ApexClass","AAREG_ArchiveSchedulerTest","force-app/aareg_Websak/classes/AAREG_ArchiveSchedulerTest.cls-meta.xml","","","","","Ikkje i main; sjekk org","","Ikkje undersøkt"
"2026-01-11T22:25:39+01:00","8dbf7ec5bdbbb2e703af681f88be26c59dc21d47","Sletta","","force-app","ApexClass","AAREG_ArchiveService","force-app/aareg_Websak/classes/AAREG_ArchiveService.cls","","","","","Ikkje i main; sjekk org","","Ikkje undersøkt"
"2026-01-11T22:25:39+01:00","8dbf7ec5bdbbb2e703af681f88be26c59dc21d47","Sletta","","force-app","ApexClass","AAREG_ArchiveService","force-app/aareg_Websak/classes/AAREG_ArchiveService.cls-meta.xml","","","","","Ikkje i main; sjekk org","","Ikkje undersøkt"
"2026-01-11T22:25:39+01:00","8dbf7ec5bdbbb2e703af681f88be26c59dc21d47","Sletta","","force-app","ApexClass","AAREG_ArchiveServiceTest","force-app/aareg_Websak/classes/AAREG_ArchiveServiceTest.cls","","","","","Ikkje i main; sjekk org","","Ikkje undersøkt"
"2026-01-11T22:25:39+01:00","8dbf7ec5bdbbb2e703af681f88be26c59dc21d47","Sletta","","force-app","ApexClass","AAREG_ArchiveServiceTest","force-app/aareg_Websak/classes/AAREG_ArchiveServiceTest.cls-meta.xml","","","","","Ikkje i main; sjekk org","","Ikkje undersøkt"
"2026-01-11T22:25:39+01:00","8dbf7ec5bdbbb2e703af681f88be26c59dc21d47","Sletta","","force-app","ApexClass","AAREG_DecisionArchiveBatch","force-app/aareg_Websak/classes/AAREG_DecisionArchiveBatch.cls","","","","","Ikkje i main; sjekk org","","Ikkje undersøkt"
"2026-01-11T22:25:39+01:00","8dbf7ec5bdbbb2e703af681f88be26c59dc21d47","Sletta","","force-app","ApexClass","AAREG_DecisionArchiveBatch","force-app/aareg_Websak/classes/AAREG_DecisionArchiveBatch.cls-meta.xml","","","","","Ikkje i main; sjekk org","","Ikkje undersøkt"
"2026-01-11T22:25:39+01:00","8dbf7ec5bdbbb2e703af681f88be26c59dc21d47","Sletta","","force-app","ApexClass","AAREG_DecisionArchiveBatchTest","force-app/aareg_Websak/classes/AAREG_DecisionArchiveBatchTest.cls","","","","","Ikkje i main; sjekk org","","Ikkje undersøkt"
"2026-01-11T22:25:39+01:00","8dbf7ec5bdbbb2e703af681f88be26c59dc21d47","Sletta","","force-app","ApexClass","AAREG_DecisionArchiveBatchTest","force-app/aareg_Websak/classes/AAREG_DecisionArchiveBatchTest.cls-meta.xml","","","","","Ikkje i main; sjekk org","","Ikkje undersøkt"
"2026-01-11T22:25:39+01:00","8dbf7ec5bdbbb2e703af681f88be26c59dc21d47","Sletta","","force-app","ApexClass","AAREG_WebsakXMLGenerator","force-app/aareg_Websak/classes/AAREG_WebsakXMLGenerator.cls","","","","","Ikkje i main; sjekk org","","Ikkje undersøkt"
"2026-01-11T22:25:39+01:00","8dbf7ec5bdbbb2e703af681f88be26c59dc21d47","Sletta","","force-app","ApexClass","AAREG_WebsakXMLGenerator","force-app/aareg_Websak/classes/AAREG_WebsakXMLGenerator.cls-meta.xml","","","","","Ikkje i main; sjekk org","","Ikkje undersøkt"
"2026-01-11T22:25:39+01:00","8dbf7ec5bdbbb2e703af681f88be26c59dc21d47","Sletta","","force-app","ApexClass","AAREG_WebsakXMLGeneratorTest","force-app/aareg_Websak/classes/AAREG_WebsakXMLGeneratorTest.cls","","","","","Ikkje i main; sjekk org","","Ikkje undersøkt"
"2026-01-11T22:25:39+01:00","8dbf7ec5bdbbb2e703af681f88be26c59dc21d47","Sletta","","force-app","ApexClass","AAREG_WebsakXMLGeneratorTest","force-app/aareg_Websak/classes/AAREG_WebsakXMLGeneratorTest.cls-meta.xml","","","","","Ikkje i main; sjekk org","","Ikkje undersøkt"
"2026-01-11T22:25:39+01:00","8dbf7ec5bdbbb2e703af681f88be26c59dc21d47","Sletta","","force-app","ApexTestSuite","ArchiveTests","force-app/main/default/testSuites/ArchiveTests.testSuite-meta.xml","","","","","Ikkje i main; sjekk org","","Ikkje undersøkt"
"2025-12-15T11:31:33+01:00","a786703bc5ddb0688c95681a60fe0af43798ac19","Sletta","","force-app","LightningComponentBundle","aareg_ApplicationDecisionInternal","force-app/aareg_ApplicationDecisionInternal/lwc/aareg_ApplicationDecisionInternal/aareg_applicationDecisionInternal.html","","","","","Ikkje i main; sjekk org","","Ikkje undersøkt"
"2025-12-15T11:31:33+01:00","a786703bc5ddb0688c95681a60fe0af43798ac19","Sletta","","force-app","LightningComponentBundle","aareg_ApplicationDecisionInternal","force-app/aareg_ApplicationDecisionInternal/lwc/aareg_ApplicationDecisionInternal/aareg_applicationDecisionInternal.js","","","","","Ikkje i main; sjekk org","","Ikkje undersøkt"
"2025-12-15T11:31:33+01:00","a786703bc5ddb0688c95681a60fe0af43798ac19","Sletta","","force-app","LightningComponentBundle","aareg_ApplicationDecisionInternal","force-app/aareg_ApplicationDecisionInternal/lwc/aareg_ApplicationDecisionInternal/aareg_applicationDecisionInternal.js-meta.xml","","","","","Ikkje i main; sjekk org","","Ikkje undersøkt"
"2025-12-15T09:55:30+01:00","7d1fc9bbea367d91d7484263037b91f605b6c2b0","Flytta (same filnamn)","100","force-app","FlexiPage","Arbeidsforhold_application_record_page","force-app/main/default/flexipages/Arbeidsforhold_application_record_page.flexipage-meta.xml","force-app/aareg_ApplicationDecisionInternal/flexipages/Arbeidsforhold_application_record_page.flexipage-meta.xml","FlexiPage","Arbeidsforhold_application_record_page","Git-heuristikk; ikkje API-verifisert","Komponenten finst i main (flytta/gjenoppretta/delvis sletta)","force-app/internalApplicationDecision/flexipages/Arbeidsforhold_application_record_page.flexipage-meta.xml","Ikkje undersøkt"
"2025-12-15T09:55:30+01:00","7d1fc9bbea367d91d7484263037b91f605b6c2b0","Flytta (same filnamn)","099","force-app","ApexPage","AAREG_decisionInternalPDF","force-app/main/default/pages/AAREG_decisionInternalPDF.page","force-app/aareg_ApplicationDecisionInternal/pages/AAREG_decisionInternalPDF.page","ApexPage","AAREG_decisionInternalPDF","Git-heuristikk; ikkje API-verifisert","Komponenten finst i main (flytta/gjenoppretta/delvis sletta)","force-app/internalApplicationDecision/pages/AAREG_decisionInternalPDF.page | force-app/internalApplicationDecision/pages/AAREG_decisionInternalPDF.page-meta.xml","Ikkje undersøkt"
"2025-12-15T09:55:30+01:00","7d1fc9bbea367d91d7484263037b91f605b6c2b0","Sletta","","force-app","ApexPage","AAREG_decisionInternalPDF","force-app/main/default/pages/AAREG_decisionInternalPDF.page-meta.xml","","","","","Komponenten finst i main (flytta/gjenoppretta/delvis sletta)","force-app/internalApplicationDecision/pages/AAREG_decisionInternalPDF.page | force-app/internalApplicationDecision/pages/AAREG_decisionInternalPDF.page-meta.xml","Ikkje undersøkt"
"2025-12-15T09:55:30+01:00","7d1fc9bbea367d91d7484263037b91f605b6c2b0","Sletta","","Referanse/annan kjelderot","FlexiPage","Arbeidsforhold_Vedtak_Recordpage","src-temp/main/default/flexipages/Arbeidsforhold_Vedtak_Recordpage.flexipage-meta.xml","","","","","Komponenten finst i main (flytta/gjenoppretta/delvis sletta)","force-app/main/default/flexipages/Arbeidsforhold_Vedtak_Recordpage.flexipage-meta.xml","Ikkje undersøkt"
"2025-11-27T19:48:12+01:00","b689471fb8e0e7fb4fef648ba61fa580c9ca0911","Flytta (same filnamn)","100","force-app","AuraDefinitionBundle","AAREG_CodeBaseList","force-app/main/default/aura/AAREG_CodeBaseList/AAREG_CodeBaseList.cmp","force-app/aareg_CodeBaseList/aura/AAREG_CodeBaseList/AAREG_CodeBaseList.cmp","AuraDefinitionBundle","AAREG_CodeBaseList","Git-heuristikk; ikkje API-verifisert","Komponenten finst i main (flytta/gjenoppretta/delvis sletta)","force-app/aareg_CodeBaseList/aura/AAREG_CodeBaseList/AAREG_CodeBaseList.cmp | force-app/aareg_CodeBaseList/aura/AAREG_CodeBaseList/AAREG_CodeBaseList.cmp-meta.xml | force-app/aareg_CodeBaseList/aura/AAREG_CodeBaseList/AAREG_CodeBaseList.css | force-app/aareg_CodeBaseList/aura/AAREG_CodeBaseList/AAREG_CodeBaseListController.js | force-app/aareg_CodeBaseList/aura/AAREG_CodeBaseList/AAREG_CodeBaseListHelper.js","Ikkje undersøkt"
"2025-11-27T19:48:12+01:00","b689471fb8e0e7fb4fef648ba61fa580c9ca0911","Flytta (same filnamn)","100","force-app","AuraDefinitionBundle","AAREG_CodeBaseList","force-app/main/default/aura/AAREG_CodeBaseList/AAREG_CodeBaseList.cmp-meta.xml","force-app/aareg_CodeBaseList/aura/AAREG_CodeBaseList/AAREG_CodeBaseList.cmp-meta.xml","AuraDefinitionBundle","AAREG_CodeBaseList","Git-heuristikk; ikkje API-verifisert","Komponenten finst i main (flytta/gjenoppretta/delvis sletta)","force-app/aareg_CodeBaseList/aura/AAREG_CodeBaseList/AAREG_CodeBaseList.cmp | force-app/aareg_CodeBaseList/aura/AAREG_CodeBaseList/AAREG_CodeBaseList.cmp-meta.xml | force-app/aareg_CodeBaseList/aura/AAREG_CodeBaseList/AAREG_CodeBaseList.css | force-app/aareg_CodeBaseList/aura/AAREG_CodeBaseList/AAREG_CodeBaseListController.js | force-app/aareg_CodeBaseList/aura/AAREG_CodeBaseList/AAREG_CodeBaseListHelper.js","Ikkje undersøkt"
"2025-11-27T19:48:12+01:00","b689471fb8e0e7fb4fef648ba61fa580c9ca0911","Flytta (same filnamn)","100","force-app","AuraDefinitionBundle","AAREG_CodeBaseList","force-app/main/default/aura/AAREG_CodeBaseList/AAREG_CodeBaseList.css","force-app/aareg_CodeBaseList/aura/AAREG_CodeBaseList/AAREG_CodeBaseList.css","AuraDefinitionBundle","AAREG_CodeBaseList","Git-heuristikk; ikkje API-verifisert","Komponenten finst i main (flytta/gjenoppretta/delvis sletta)","force-app/aareg_CodeBaseList/aura/AAREG_CodeBaseList/AAREG_CodeBaseList.cmp | force-app/aareg_CodeBaseList/aura/AAREG_CodeBaseList/AAREG_CodeBaseList.cmp-meta.xml | force-app/aareg_CodeBaseList/aura/AAREG_CodeBaseList/AAREG_CodeBaseList.css | force-app/aareg_CodeBaseList/aura/AAREG_CodeBaseList/AAREG_CodeBaseListController.js | force-app/aareg_CodeBaseList/aura/AAREG_CodeBaseList/AAREG_CodeBaseListHelper.js","Ikkje undersøkt"
"2025-11-27T19:48:12+01:00","b689471fb8e0e7fb4fef648ba61fa580c9ca0911","Flytta (same filnamn)","100","force-app","AuraDefinitionBundle","AAREG_CodeBaseList","force-app/main/default/aura/AAREG_CodeBaseList/AAREG_CodeBaseListController.js","force-app/aareg_CodeBaseList/aura/AAREG_CodeBaseList/AAREG_CodeBaseListController.js","AuraDefinitionBundle","AAREG_CodeBaseList","Git-heuristikk; ikkje API-verifisert","Komponenten finst i main (flytta/gjenoppretta/delvis sletta)","force-app/aareg_CodeBaseList/aura/AAREG_CodeBaseList/AAREG_CodeBaseList.cmp | force-app/aareg_CodeBaseList/aura/AAREG_CodeBaseList/AAREG_CodeBaseList.cmp-meta.xml | force-app/aareg_CodeBaseList/aura/AAREG_CodeBaseList/AAREG_CodeBaseList.css | force-app/aareg_CodeBaseList/aura/AAREG_CodeBaseList/AAREG_CodeBaseListController.js | force-app/aareg_CodeBaseList/aura/AAREG_CodeBaseList/AAREG_CodeBaseListHelper.js","Ikkje undersøkt"
"2025-11-27T19:48:12+01:00","b689471fb8e0e7fb4fef648ba61fa580c9ca0911","Flytta (same filnamn)","100","force-app","AuraDefinitionBundle","AAREG_CodeBaseList","force-app/main/default/aura/AAREG_CodeBaseList/AAREG_CodeBaseListHelper.js","force-app/aareg_CodeBaseList/aura/AAREG_CodeBaseList/AAREG_CodeBaseListHelper.js","AuraDefinitionBundle","AAREG_CodeBaseList","Git-heuristikk; ikkje API-verifisert","Komponenten finst i main (flytta/gjenoppretta/delvis sletta)","force-app/aareg_CodeBaseList/aura/AAREG_CodeBaseList/AAREG_CodeBaseList.cmp | force-app/aareg_CodeBaseList/aura/AAREG_CodeBaseList/AAREG_CodeBaseList.cmp-meta.xml | force-app/aareg_CodeBaseList/aura/AAREG_CodeBaseList/AAREG_CodeBaseList.css | force-app/aareg_CodeBaseList/aura/AAREG_CodeBaseList/AAREG_CodeBaseListController.js | force-app/aareg_CodeBaseList/aura/AAREG_CodeBaseList/AAREG_CodeBaseListHelper.js","Ikkje undersøkt"
"2025-11-23T03:16:53+01:00","c6c2afbe816f8b96e9eadc23ed41a87221b5b451","Sletta","","force-app","EmailTemplate","unfiled$public/aaRegApplicationConfirmation_1622393053589","force-app/unpackagable/email/unfiled$public/aaRegApplicationConfirmation_1622393053589.email","","","","","Ikkje i main; sjekk org","","Ikkje undersøkt"
"2025-11-23T03:16:53+01:00","c6c2afbe816f8b96e9eadc23ed41a87221b5b451","Sletta","","force-app","EmailTemplate","unfiled$public/aaRegApplicationConfirmation_1622393053589","force-app/unpackagable/email/unfiled$public/aaRegApplicationConfirmation_1622393053589.email-meta.xml","","","","","Ikkje i main; sjekk org","","Ikkje undersøkt"
"2025-11-12T19:52:16+01:00","59ddf149d1120ea408ade6c961b3f833ab96978c","Flytta (same filnamn)","100","force-app","ApexClass","AAREG_ApplicationArchiveBatch","force-app/main/default/classes/AAREG_ApplicationArchiveBatch.cls","force-app/aareg_Websak/classes/AAREG_ApplicationArchiveBatch.cls","ApexClass","AAREG_ApplicationArchiveBatch","Git-heuristikk; ikkje API-verifisert","Ikkje i main; sjekk org","","Ikkje undersøkt"
"2025-11-12T19:52:16+01:00","59ddf149d1120ea408ade6c961b3f833ab96978c","Flytta (same filnamn)","100","force-app","ApexClass","AAREG_ApplicationArchiveBatch","force-app/main/default/classes/AAREG_ApplicationArchiveBatch.cls-meta.xml","force-app/aareg_Websak/classes/AAREG_ApplicationArchiveBatch.cls-meta.xml","ApexClass","AAREG_ApplicationArchiveBatch","Source og metadata-sidefil samsvarer","Ikkje i main; sjekk org","","Ikkje undersøkt"
"2025-11-12T19:52:16+01:00","59ddf149d1120ea408ade6c961b3f833ab96978c","Flytta (same filnamn)","100","force-app","ApexClass","AAREG_ApplicationArchiveBatchTest","force-app/main/default/classes/AAREG_ApplicationArchiveBatchTest.cls","force-app/aareg_Websak/classes/AAREG_ApplicationArchiveBatchTest.cls","ApexClass","AAREG_ApplicationArchiveBatchTest","Git-heuristikk; ikkje API-verifisert","Ikkje i main; sjekk org","","Ikkje undersøkt"
"2025-11-12T19:52:16+01:00","59ddf149d1120ea408ade6c961b3f833ab96978c","Flytta (same filnamn)","100","force-app","ApexClass","AAREG_ApplicationArchiveBatchTest","force-app/main/default/classes/AAREG_ApplicationArchiveBatchTest.cls-meta.xml","force-app/aareg_Websak/classes/AAREG_ApplicationArchiveBatchTest.cls-meta.xml","ApexClass","AAREG_ApplicationArchiveBatchTest","Source og metadata-sidefil samsvarer","Ikkje i main; sjekk org","","Ikkje undersøkt"
"2025-11-12T19:52:16+01:00","59ddf149d1120ea408ade6c961b3f833ab96978c","Flytta (same filnamn)","100","force-app","ApexClass","AAREG_ArchiveBatchHandler","force-app/main/default/classes/AAREG_ArchiveBatchHandler.cls","force-app/aareg_Websak/classes/AAREG_ArchiveBatchHandler.cls","ApexClass","AAREG_ArchiveBatchHandler","Git-heuristikk; ikkje API-verifisert","Ikkje i main; sjekk org","","Ikkje undersøkt"
"2025-11-12T19:52:16+01:00","59ddf149d1120ea408ade6c961b3f833ab96978c","Flytta (same filnamn)","100","force-app","ApexClass","AAREG_ArchiveBatchHandler","force-app/main/default/classes/AAREG_ArchiveBatchHandler.cls-meta.xml","force-app/aareg_Websak/classes/AAREG_ArchiveBatchHandler.cls-meta.xml","ApexClass","AAREG_ArchiveBatchHandler","Source og metadata-sidefil samsvarer","Ikkje i main; sjekk org","","Ikkje undersøkt"
"2025-11-12T19:52:16+01:00","59ddf149d1120ea408ade6c961b3f833ab96978c","Flytta (same filnamn)","100","force-app","ApexClass","AAREG_ArchiveBatchHandlerTest","force-app/main/default/classes/AAREG_ArchiveBatchHandlerTest.cls","force-app/aareg_Websak/classes/AAREG_ArchiveBatchHandlerTest.cls","ApexClass","AAREG_ArchiveBatchHandlerTest","Git-heuristikk; ikkje API-verifisert","Ikkje i main; sjekk org","","Ikkje undersøkt"
"2025-11-12T19:52:16+01:00","59ddf149d1120ea408ade6c961b3f833ab96978c","Flytta (same filnamn)","100","force-app","ApexClass","AAREG_ArchiveBatchHandlerTest","force-app/main/default/classes/AAREG_ArchiveBatchHandlerTest.cls-meta.xml","force-app/aareg_Websak/classes/AAREG_ArchiveBatchHandlerTest.cls-meta.xml","ApexClass","AAREG_ArchiveBatchHandlerTest","Source og metadata-sidefil samsvarer","Ikkje i main; sjekk org","","Ikkje undersøkt"
"2025-11-12T19:52:16+01:00","59ddf149d1120ea408ade6c961b3f833ab96978c","Flytta (same filnamn)","100","force-app","ApexClass","AAREG_ArchiveScheduler","force-app/main/default/classes/AAREG_ArchiveScheduler.cls","force-app/aareg_Websak/classes/AAREG_ArchiveScheduler.cls","ApexClass","AAREG_ArchiveScheduler","Git-heuristikk; ikkje API-verifisert","Ikkje i main; sjekk org","","Ikkje undersøkt"
"2025-11-12T19:52:16+01:00","59ddf149d1120ea408ade6c961b3f833ab96978c","Flytta (same filnamn)","100","force-app","ApexClass","AAREG_ArchiveScheduler","force-app/main/default/classes/AAREG_ArchiveScheduler.cls-meta.xml","force-app/aareg_Websak/classes/AAREG_ArchiveScheduler.cls-meta.xml","ApexClass","AAREG_ArchiveScheduler","Source og metadata-sidefil samsvarer","Ikkje i main; sjekk org","","Ikkje undersøkt"
"2025-11-12T19:52:16+01:00","59ddf149d1120ea408ade6c961b3f833ab96978c","Flytta (same filnamn)","100","force-app","ApexClass","AAREG_ArchiveSchedulerTest","force-app/main/default/classes/AAREG_ArchiveSchedulerTest.cls","force-app/aareg_Websak/classes/AAREG_ArchiveSchedulerTest.cls","ApexClass","AAREG_ArchiveSchedulerTest","Git-heuristikk; ikkje API-verifisert","Ikkje i main; sjekk org","","Ikkje undersøkt"
"2025-11-12T19:52:16+01:00","59ddf149d1120ea408ade6c961b3f833ab96978c","Flytta (same filnamn)","100","force-app","ApexClass","AAREG_ArchiveSchedulerTest","force-app/main/default/classes/AAREG_ArchiveSchedulerTest.cls-meta.xml","force-app/aareg_Websak/classes/AAREG_ArchiveSchedulerTest.cls-meta.xml","ApexClass","AAREG_ArchiveSchedulerTest","Source og metadata-sidefil samsvarer","Ikkje i main; sjekk org","","Ikkje undersøkt"
"2025-11-12T19:52:16+01:00","59ddf149d1120ea408ade6c961b3f833ab96978c","Flytta (same filnamn)","100","force-app","ApexClass","AAREG_ArchiveService","force-app/main/default/classes/AAREG_ArchiveService.cls","force-app/aareg_Websak/classes/AAREG_ArchiveService.cls","ApexClass","AAREG_ArchiveService","Git-heuristikk; ikkje API-verifisert","Ikkje i main; sjekk org","","Ikkje undersøkt"
"2025-11-12T19:52:16+01:00","59ddf149d1120ea408ade6c961b3f833ab96978c","Flytta (same filnamn)","100","force-app","ApexClass","AAREG_ArchiveService","force-app/main/default/classes/AAREG_ArchiveService.cls-meta.xml","force-app/aareg_Websak/classes/AAREG_ArchiveService.cls-meta.xml","ApexClass","AAREG_ArchiveService","Source og metadata-sidefil samsvarer","Ikkje i main; sjekk org","","Ikkje undersøkt"
"2025-11-12T19:52:16+01:00","59ddf149d1120ea408ade6c961b3f833ab96978c","Flytta (same filnamn)","100","force-app","ApexClass","AAREG_ArchiveServiceTest","force-app/main/default/classes/AAREG_ArchiveServiceTest.cls","force-app/aareg_Websak/classes/AAREG_ArchiveServiceTest.cls","ApexClass","AAREG_ArchiveServiceTest","Git-heuristikk; ikkje API-verifisert","Ikkje i main; sjekk org","","Ikkje undersøkt"
"2025-11-12T19:52:16+01:00","59ddf149d1120ea408ade6c961b3f833ab96978c","Flytta (same filnamn)","100","force-app","ApexClass","AAREG_ArchiveServiceTest","force-app/main/default/classes/AAREG_ArchiveServiceTest.cls-meta.xml","force-app/aareg_Websak/classes/AAREG_ArchiveServiceTest.cls-meta.xml","ApexClass","AAREG_ArchiveServiceTest","Source og metadata-sidefil samsvarer","Ikkje i main; sjekk org","","Ikkje undersøkt"
"2025-11-12T19:52:16+01:00","59ddf149d1120ea408ade6c961b3f833ab96978c","Flytta (same filnamn)","100","force-app","ApexClass","AAREG_DecisionArchiveBatch","force-app/main/default/classes/AAREG_DecisionArchiveBatch.cls","force-app/aareg_Websak/classes/AAREG_DecisionArchiveBatch.cls","ApexClass","AAREG_DecisionArchiveBatch","Git-heuristikk; ikkje API-verifisert","Ikkje i main; sjekk org","","Ikkje undersøkt"
"2025-11-12T19:52:16+01:00","59ddf149d1120ea408ade6c961b3f833ab96978c","Flytta (same filnamn)","100","force-app","ApexClass","AAREG_DecisionArchiveBatch","force-app/main/default/classes/AAREG_DecisionArchiveBatch.cls-meta.xml","force-app/aareg_Websak/classes/AAREG_DecisionArchiveBatch.cls-meta.xml","ApexClass","AAREG_DecisionArchiveBatch","Source og metadata-sidefil samsvarer","Ikkje i main; sjekk org","","Ikkje undersøkt"
"2025-11-12T19:52:16+01:00","59ddf149d1120ea408ade6c961b3f833ab96978c","Flytta (same filnamn)","100","force-app","ApexClass","AAREG_DecisionArchiveBatchTest","force-app/main/default/classes/AAREG_DecisionArchiveBatchTest.cls","force-app/aareg_Websak/classes/AAREG_DecisionArchiveBatchTest.cls","ApexClass","AAREG_DecisionArchiveBatchTest","Git-heuristikk; ikkje API-verifisert","Ikkje i main; sjekk org","","Ikkje undersøkt"
"2025-11-12T19:52:16+01:00","59ddf149d1120ea408ade6c961b3f833ab96978c","Flytta (same filnamn)","100","force-app","ApexClass","AAREG_DecisionArchiveBatchTest","force-app/main/default/classes/AAREG_DecisionArchiveBatchTest.cls-meta.xml","force-app/aareg_Websak/classes/AAREG_DecisionArchiveBatchTest.cls-meta.xml","ApexClass","AAREG_DecisionArchiveBatchTest","Source og metadata-sidefil samsvarer","Ikkje i main; sjekk org","","Ikkje undersøkt"
"2025-11-12T19:52:16+01:00","59ddf149d1120ea408ade6c961b3f833ab96978c","Flytta (same filnamn)","100","force-app","ApexClass","AAREG_WebsakXMLGenerator","force-app/main/default/classes/AAREG_WebsakXMLGenerator.cls","force-app/aareg_Websak/classes/AAREG_WebsakXMLGenerator.cls","ApexClass","AAREG_WebsakXMLGenerator","Git-heuristikk; ikkje API-verifisert","Ikkje i main; sjekk org","","Ikkje undersøkt"
"2025-11-12T19:52:16+01:00","59ddf149d1120ea408ade6c961b3f833ab96978c","Flytta (same filnamn)","100","force-app","ApexClass","AAREG_WebsakXMLGenerator","force-app/main/default/classes/AAREG_WebsakXMLGenerator.cls-meta.xml","force-app/aareg_Websak/classes/AAREG_WebsakXMLGenerator.cls-meta.xml","ApexClass","AAREG_WebsakXMLGenerator","Source og metadata-sidefil samsvarer","Ikkje i main; sjekk org","","Ikkje undersøkt"
"2025-11-12T19:52:16+01:00","59ddf149d1120ea408ade6c961b3f833ab96978c","Flytta (same filnamn)","100","force-app","ApexClass","AAREG_WebsakXMLGeneratorTest","force-app/main/default/classes/AAREG_WebsakXMLGeneratorTest.cls","force-app/aareg_Websak/classes/AAREG_WebsakXMLGeneratorTest.cls","ApexClass","AAREG_WebsakXMLGeneratorTest","Git-heuristikk; ikkje API-verifisert","Ikkje i main; sjekk org","","Ikkje undersøkt"
"2025-11-12T19:52:16+01:00","59ddf149d1120ea408ade6c961b3f833ab96978c","Flytta (same filnamn)","100","force-app","ApexClass","AAREG_WebsakXMLGeneratorTest","force-app/main/default/classes/AAREG_WebsakXMLGeneratorTest.cls-meta.xml","force-app/aareg_Websak/classes/AAREG_WebsakXMLGeneratorTest.cls-meta.xml","ApexClass","AAREG_WebsakXMLGeneratorTest","Source og metadata-sidefil samsvarer","Ikkje i main; sjekk org","","Ikkje undersøkt"
"2025-10-23T12:16:06+02:00","7da15b25e0075f72d9187f53367cca3546cb20c7","Sletta","","force-app","RemoteSiteSetting","AAREG_DistribusjonTilgangAPI","force-app/main/default/remoteSiteSettings/AAREG_DistribusjonTilgangAPI.remoteSite-meta.xml","","","","","Ikkje i main; sjekk org","","Ikkje undersøkt"
"2022-11-14T14:03:52+01:00","2554e3d3267d213e8e7778af0d80c20b12fbe054","Sletta","","force-app","CustomObjectTranslation","Application__c-no","force-app/main/default/objectTranslations/Application__c-no/ApplicationDeadline__c.fieldTranslation-meta.xml","","","","","Komponenten finst i main (flytta/gjenoppretta/delvis sletta)","force-app/main/default/objectTranslations/Application__c-no/AAREG_OrganizationCategory__c.fieldTranslation-meta.xml | force-app/main/default/objectTranslations/Application__c-no/AA_AccessText__c.fieldTranslation-meta.xml | force-app/main/default/objectTranslations/Application__c-no/AA_AccessTypes__c.fieldTranslation-meta.xml | force-app/main/default/objectTranslations/Application__c-no/AA_ApplicationArchivedDate__c.fieldTranslation-meta.xml | force-app/main/default/objectTranslations/Application__c-no/AA_ApplicationArchived__c.fieldTranslation-meta.xml | force-app/main/default/objectTranslations/Application__c-no/AA_CaseHandlerNavIdent__c.fieldTranslation-meta.xml | force-app/main/default/objectTranslations/Application__c-no/AA_CasehandlerDeadlineFlag__c.fieldTranslation-meta.xml | force-app/main/default/objectTranslations/Application__c-no/AA_CasehandlerDecisionTemplate__c.fieldTranslation-meta.xml | force-app/main/default/objectTranslations/Application__c-no/AA_DecisionArchiveText__c.fieldTranslation-meta.xml | force-app/main/default/objectTranslations/Application__c-no/AA_DecisionArchivedDate__c.fieldTranslation-meta.xml | force-app/main/default/objectTranslations/Application__c-no/AA_DecisionArchived__c.fieldTranslation-meta.xml | force-app/main/default/objectTranslations/Application__c-no/AA_changesInApplication__c.fieldTranslation-meta.xml | force-app/main/default/objectTranslations/Application__c-no/AA_register_application_text__c.fieldTranslation-meta.xml | force-app/main/default/objectTranslations/Application__c-no/AA_timeToDecision__c.fieldTranslation-meta.xml | force-app/main/default/objectTranslations/Application__c-no/AA_timeToSubmitted__c.fieldTranslation-meta.xml | force-app/main/default/objectTranslations/Application__c-no/APIAccess__c.fieldTranslation-meta.xml | force-app/main/default/objectTranslations/Application__c-no/Access_Request__c.fieldTranslation-meta.xml | force-app/main/default/objectTranslations/Application__c-no/AccountId__c.fieldTranslation-meta.xml | force-app/main/default/objectTranslations/Application__c-no/AccountName__c.fieldTranslation-meta.xml | force-app/main/default/objectTranslations/Application__c-no/Account__c.fieldTranslation-meta.xml | force-app/main/default/objectTranslations/Application__c-no/ApplicationDeadlineForReply__c.fieldTranslation-meta.xml | force-app/main/default/objectTranslations/Application__c-no/ApplicationSubmittedDate__c.fieldTranslation-meta.xml | force-app/main/default/objectTranslations/Application__c-no/Application__c-no.objectTranslation-meta.xml | force-app/main/default/objectTranslations/Application__c-no/CasehandlerOwner__c.fieldTranslation-meta.xml | force-app/main/default/objectTranslations/Application__c-no/Casehandler_Status__c.fieldTranslation-meta.xml | force-app/main/default/objectTranslations/Application__c-no/Contact__c.fieldTranslation-meta.xml | force-app/main/default/objectTranslations/Application__c-no/DataProcessorName__c.fieldTranslation-meta.xml | force-app/main/default/objectTranslations/Application__c-no/DataProcessorOrganizationNumber__c.fieldTranslation-meta.xml | force-app/main/default/objectTranslations/Application__c-no/DaysSinceSubmitted__c.fieldTranslation-meta.xml | force-app/main/default/objectTranslations/Application__c-no/DecisionDate__c.fieldTranslation-meta.xml | force-app/main/default/objectTranslations/Application__c-no/DecisionDescription__c.fieldTranslation-meta.xml | force-app/main/default/objectTranslations/Application__c-no/Email__c.fieldTranslation-meta.xml | force-app/main/default/objectTranslations/Application__c-no/ExtractionAccess__c.fieldTranslation-meta.xml | force-app/main/default/objectTranslations/Application__c-no/IsAppSentToWebsak__c.fieldTranslation-meta.xml | force-app/main/default/objectTranslations/Application__c-no/IsCasehandlerOwner__c.fieldTranslation-meta.xml | force-app/main/default/objectTranslations/Application__c-no/IsConfirmationEmailSent__c.fieldTranslation-meta.xml | force-app/main/default/objectTranslations/Application__c-no/MailingAddress__c.fieldTranslation-meta.xml | force-app/main/default/objectTranslations/Application__c-no/MailingCity__c.fieldTranslation-meta.xml | force-app/main/default/objectTranslations/Application__c-no/MailingPostalCode__c.fieldTranslation-meta.xml | force-app/main/default/objectTranslations/Application__c-no/OnlineAccess__c.fieldTranslation-meta.xml | force-app/main/default/objectTranslations/Application__c-no/OrganizationNumber__c.fieldTranslation-meta.xml | force-app/main/default/objectTranslations/Application__c-no/OrganizationStructure__c.fieldTranslation-meta.xml | force-app/main/default/objectTranslations/Application__c-no/P360_Document_Id__c.fieldTranslation-meta.xml | force-app/main/default/objectTranslations/Application__c-no/P360_Document_Number__c.fieldTranslation-meta.xml | force-app/main/default/objectTranslations/Application__c-no/P360_File_Id__c.fieldTranslation-meta.xml | force-app/main/default/objectTranslations/Application__c-no/Status__c.fieldTranslation-meta.xml | force-app/main/default/objectTranslations/Application__c-no/TermsOfUse__c.fieldTranslation-meta.xml | force-app/main/default/objectTranslations/Application__c-no/applicationOwner__c.fieldTranslation-meta.xml | force-app/main/default/objectTranslations/Application__c-no/createdByUser__c.fieldTranslation-meta.xml | force-app/main/default/objectTranslations/Application__c-no/reasonForSuspension__c.fieldTranslation-meta.xml","Ikkje undersøkt"
"2022-11-14T14:03:52+01:00","2554e3d3267d213e8e7778af0d80c20b12fbe054","Sletta","","force-app","CustomField","Application__c.ApplicationDeadline__c","force-app/main/default/objects/Application__c/fields/ApplicationDeadline__c.field-meta.xml","","","","","Ikkje i main; sjekk org","","Ikkje undersøkt"
"2022-08-30T15:22:06+02:00","5f62fc4833234402404604c27cc34b132d23b9e0","Sletta","","force-app","CompactLayout","Application__c.Aa_RegisterAccess","force-app/main/default/objects/Application__c/compactLayouts/Aa_RegisterAccess.recordType-meta.xml","","","","","Komponenten finst i main (flytta/gjenoppretta/delvis sletta)","force-app/main/default/objects/Application__c/compactLayouts/Aa_RegisterAccess.compactLayout-meta.xml","Ikkje undersøkt"
"2022-01-24T18:30:35+01:00","f52884c2221c4d0c925168bb90cd19d699132a45","Sletta","","force-app","CustomObjectTranslation","Account-no","force-app/main/default/objectTranslations/Account-no/CRM_Ultimate_Parent_Account__c.fieldTranslation-meta.xml","","","","","Komponenten finst i main (flytta/gjenoppretta/delvis sletta)","force-app/main/default/objectTranslations/Account-no/AAREG_OrganizationCategory__c.fieldTranslation-meta.xml | force-app/main/default/objectTranslations/Account-no/Account-no.objectTranslation-meta.xml | force-app/main/default/objectTranslations/Account-no/CRM_AccountType__c.fieldTranslation-meta.xml | force-app/main/default/objectTranslations/Account-no/CRM_Activities_on_sub_accounts__c.fieldTranslation-meta.xml | force-app/main/default/objectTranslations/Account-no/CRM_IsPilot__c.fieldTranslation-meta.xml | force-app/main/default/objectTranslations/Account-no/CRM_MainIndustry__c.fieldTranslation-meta.xml | force-app/main/default/objectTranslations/Account-no/CRM_NavEmployeeName__c.fieldTranslation-meta.xml | force-app/main/default/objectTranslations/Account-no/CRM_Person__c.fieldTranslation-meta.xml | force-app/main/default/objectTranslations/Account-no/CRM_RegistrationYear__c.fieldTranslation-meta.xml | force-app/main/default/objectTranslations/Account-no/OrganizationNumberFormula__c.fieldTranslation-meta.xml","Ikkje undersøkt"
"2022-01-20T20:56:56+01:00","438b72bcc470e7a4cfd2bed9ec9a58e986c80396","Sletta","","force-app","PermissionSet","NAVArbeidsforhold","force-app/main/default/permissionsets/NAVArbeidsforhold.permissionset-meta.xml","","","","","Ikkje i main; sjekk org","","Ikkje undersøkt"
"2021-11-26T13:08:50+01:00","ce2ef88a292188fc729ed0a24999d3974c16e04c","Sletta","","force-app","PermissionSetGroup","AAREG_Arbeidsforhold_Saksbehandling_GroupSet","force-app/main/default/permissionsetgroups/AAREG_Arbeidsforhold_Saksbehandling_GroupSet.permissionsetgroup-meta.xml","","","","","Ikkje i main; sjekk org","","Ikkje undersøkt"
"2021-11-26T13:08:50+01:00","ce2ef88a292188fc729ed0a24999d3974c16e04c","Sletta","","force-app","PermissionSetGroup","AAREG_Arbeidsforhold_Support_GroupSet","force-app/main/default/permissionsetgroups/AAREG_Arbeidsforhold_Support_GroupSet.permissionsetgroup-meta.xml","","","","","Ikkje i main; sjekk org","","Ikkje undersøkt"
"2021-11-24T09:29:12+01:00","c6556bde9aba50aa561e94d875e6ee55379119a8","Endra filnamn (Git-heuristikk)","075","force-app","ListView","Inquiry__c.Aareg_SupportApplicationQuestions","force-app/main/default/objects/Inquiry__c/listViews/Aareg_SupportApplicationQuestions.listView-meta.xml","force-app/main/default/objects/Inquiry__c/listViews/Aareg_Saker_til_behandling.listView-meta.xml","ListView","Inquiry__c.Aareg_Saker_til_behandling","Git-heuristikk; ikkje API-verifisert","Ikkje i main; sjekk org","","Ikkje undersøkt"
"2021-11-24T09:29:12+01:00","c6556bde9aba50aa561e94d875e6ee55379119a8","Sletta","","force-app","ListView","Inquiry__c.Aareg_SupportProfessionalFunctionalQuestions","force-app/main/default/objects/Inquiry__c/listViews/Aareg_SupportProfessionalFunctionalQuestions.listView-meta.xml","","","","","Ikkje i main; sjekk org","","Ikkje undersøkt"
"2021-11-04T22:34:19+01:00","d41a2c7cf7dba9ea32eb8ac4814709a5a7cda8a4","Sletta","","force-app","EmailTemplate","unfiled$public/aaRegApplicationConfirmation_1636046532436","force-app/main/default/email/unfiled$public/aaRegApplicationConfirmation_1636046532436.email","","","","","Ikkje i main; sjekk org","","Ikkje undersøkt"
"2021-11-04T22:34:19+01:00","d41a2c7cf7dba9ea32eb8ac4814709a5a7cda8a4","Sletta","","force-app","EmailTemplate","unfiled$public/aaRegApplicationConfirmation_1636046532436","force-app/main/default/email/unfiled$public/aaRegApplicationConfirmation_1636046532436.email-meta.xml","","","","","Ikkje i main; sjekk org","","Ikkje undersøkt"
"2021-11-01T08:45:47+01:00","9b307d0850e2e2a09e7cdb24092654194a414a27","Sletta","","force-app","ApexClass","CRM_ApplicationDomain","force-app/main/default/classes/CRM_ApplicationDomain.cls-meta.xml","","","","","Ikkje i main; sjekk org","","Ikkje undersøkt"
"2021-11-01T08:45:31+01:00","49a840b30e82b3c6b7b821616bf9deb57144401d","Sletta","","force-app","ApexClass","CRM_ApplicationDomain","force-app/main/default/classes/CRM_ApplicationDomain.cls","","","","","Ikkje i main; sjekk org","","Ikkje undersøkt"
"2021-10-24T20:47:18+02:00","5499a5ea8f6a8147e711bfa04b09fd0ccce104a3","Flytta (same filnamn)","100","Referanse/annan kjelderot","Flow","AAREG_updateDecisionText","AAREG_updateDecisionText.flow-meta.xml","force-app/main/default/flows/AAREG_updateDecisionText.flow-meta.xml","Flow","AAREG_updateDecisionText","Git-heuristikk; ikkje API-verifisert","Ikkje i main; sjekk org","","Ikkje undersøkt"
"2021-10-22T13:34:10+02:00","8b1fae826395eb9b6a5437d1411c8613e6e61218","Sletta","","force-app","Flow","AAREG_updateDecisionText","force-app/main/default/flows/AAREG_updateDecisionText.flow-meta.xml","","","","","Ikkje i main; sjekk org","","Ikkje undersøkt"
"2021-09-21T08:03:08+02:00","73795596699c3d86a4c21bbbfc39e2bd29e10588","Sletta","","force-app","Dashboard","CompanyDashboards/cJnGwvGCUSKVeTaRvFsWdJsGDkPlHk","force-app/main/default/dashboards/CompanyDashboards/cJnGwvGCUSKVeTaRvFsWdJsGDkPlHk.dashboard-meta.xml","","","","","Ikkje i main; sjekk org","","Ikkje undersøkt"
"2021-09-13T15:30:30+02:00","98d931f7abfd25f36e4606971b3fe70e5c313dad","Sletta","","force-app","CustomApplication","Arbeidsforhold_henvendelse","force-app/main/default/applications/Arbeidsforhold_henvendelse.app-meta.xml","","","","","Ikkje i main; sjekk org","","Ikkje undersøkt"
"2021-09-13T15:30:30+02:00","98d931f7abfd25f36e4606971b3fe70e5c313dad","Sletta","","force-app","FlexiPage","AAREG_InquiryRecordPage","force-app/main/default/flexipages/AAREG_InquiryRecordPage.flexipage-meta.xml","","","","","Komponenten finst i main (flytta/gjenoppretta/delvis sletta)","force-app/main/default/flexipages/AAREG_InquiryRecordPage.flexipage-meta.xml","Ikkje undersøkt"
"2021-09-13T15:30:30+02:00","98d931f7abfd25f36e4606971b3fe70e5c313dad","Sletta","","force-app","Layout","Inquiry__c-Inquiry Layout","force-app/main/default/layouts/Inquiry__c-Inquiry Layout.layout-meta.xml","","","","","Komponenten finst i main (flytta/gjenoppretta/delvis sletta)","force-app/main/default/layouts/Inquiry__c-Inquiry Layout.layout-meta.xml","Ikkje undersøkt"
"2021-09-13T15:30:30+02:00","98d931f7abfd25f36e4606971b3fe70e5c313dad","Sletta","","force-app","CustomObject","Inquiry__c","force-app/main/default/objects/Inquiry__c/Inquiry__c.object-meta.xml","","","","","Komponenten finst i main (flytta/gjenoppretta/delvis sletta)","force-app/main/default/objects/Inquiry__c/Inquiry__c.object-meta.xml","Ikkje undersøkt"
"2021-09-13T15:30:30+02:00","98d931f7abfd25f36e4606971b3fe70e5c313dad","Sletta","","force-app","CompactLayout","Inquiry__c.AAREG_Inquiry_Compact_Layout","force-app/main/default/objects/Inquiry__c/compactLayouts/AAREG_Inquiry_Compact_Layout.compactLayout-meta.xml","","","","","Komponenten finst i main (flytta/gjenoppretta/delvis sletta)","force-app/main/default/objects/Inquiry__c/compactLayouts/AAREG_Inquiry_Compact_Layout.compactLayout-meta.xml","Ikkje undersøkt"
"2021-09-13T15:30:30+02:00","98d931f7abfd25f36e4606971b3fe70e5c313dad","Sletta","","force-app","CustomField","Inquiry__c.AccountId__c","force-app/main/default/objects/Inquiry__c/fields/AccountId__c.field-meta.xml","","","","","Komponenten finst i main (flytta/gjenoppretta/delvis sletta)","force-app/main/default/objects/Inquiry__c/fields/AccountId__c.field-meta.xml","Ikkje undersøkt"
"2021-09-13T15:30:30+02:00","98d931f7abfd25f36e4606971b3fe70e5c313dad","Sletta","","force-app","CustomField","Inquiry__c.ContactId__c","force-app/main/default/objects/Inquiry__c/fields/ContactId__c.field-meta.xml","","","","","Komponenten finst i main (flytta/gjenoppretta/delvis sletta)","force-app/main/default/objects/Inquiry__c/fields/ContactId__c.field-meta.xml","Ikkje undersøkt"
"2021-09-13T15:30:30+02:00","98d931f7abfd25f36e4606971b3fe70e5c313dad","Sletta","","force-app","CustomField","Inquiry__c.InquiryDescription__c","force-app/main/default/objects/Inquiry__c/fields/InquiryDescription__c.field-meta.xml","","","","","Komponenten finst i main (flytta/gjenoppretta/delvis sletta)","force-app/main/default/objects/Inquiry__c/fields/InquiryDescription__c.field-meta.xml","Ikkje undersøkt"
"2021-09-13T15:30:30+02:00","98d931f7abfd25f36e4606971b3fe70e5c313dad","Sletta","","force-app","CustomField","Inquiry__c.InquiryOwner__c","force-app/main/default/objects/Inquiry__c/fields/InquiryOwner__c.field-meta.xml","","","","","Komponenten finst i main (flytta/gjenoppretta/delvis sletta)","force-app/main/default/objects/Inquiry__c/fields/InquiryOwner__c.field-meta.xml","Ikkje undersøkt"
"2021-09-13T15:30:30+02:00","98d931f7abfd25f36e4606971b3fe70e5c313dad","Sletta","","force-app","CustomField","Inquiry__c.Status__c","force-app/main/default/objects/Inquiry__c/fields/Status__c.field-meta.xml","","","","","Komponenten finst i main (flytta/gjenoppretta/delvis sletta)","force-app/main/default/objects/Inquiry__c/fields/Status__c.field-meta.xml","Ikkje undersøkt"
"2021-09-13T15:30:30+02:00","98d931f7abfd25f36e4606971b3fe70e5c313dad","Sletta","","force-app","CustomField","Inquiry__c.TypeOfInquiry__c","force-app/main/default/objects/Inquiry__c/fields/TypeOfInquiry__c.field-meta.xml","","","","","Komponenten finst i main (flytta/gjenoppretta/delvis sletta)","force-app/main/default/objects/Inquiry__c/fields/TypeOfInquiry__c.field-meta.xml","Ikkje undersøkt"
"2021-09-13T15:30:30+02:00","98d931f7abfd25f36e4606971b3fe70e5c313dad","Sletta","","force-app","PermissionSet","AAREG_Arbeidsforhold_Support","force-app/main/default/permissionsets/AAREG_Arbeidsforhold_Support.permissionset-meta.xml","","","","","Komponenten finst i main (flytta/gjenoppretta/delvis sletta)","force-app/main/default/permissionsets/AAREG_Arbeidsforhold_Support.permissionset-meta.xml","Ikkje undersøkt"
"2021-06-23T17:01:14+02:00","603f21f88efa3c404b4e2a7d91f79ce2761c0ef0","Sletta","","force-app","Flow","Application_Processor","force-app/main/default/flows/Application_Processor.flow-meta.xml","","","","","Ikkje i main; sjekk org","","Ikkje undersøkt"
"2021-06-23T01:46:15+02:00","c2b5c2efb9bfd1243efea33b1209de76b325c19b","Sletta","","force-app","Flow","AAREG_updateDecisionText","force-app/main/default/flows/AAREG_updateDecisionText.flow-meta.xml","","","","","Ikkje i main; sjekk org","","Ikkje undersøkt"
"2021-06-14T01:39:45+02:00","06b6df3cc2685d00304236f0648f69032b6e246a","Sletta","","force-app","Flow","AAREG_getContactAndUpdateApplication","force-app/main/default/flows/AAREG_getContactAndUpdateApplication.flow-meta.xml","","","","","Ikkje i main; sjekk org","","Ikkje undersøkt"
"2021-05-31T07:19:54+02:00","f9d0537ca49904aa44b5dd1e6681a6987d1b5413","Sletta","","force-app","EmailTemplate","unfiled$public/aaRegApplicationConfirmation_1622393053589","force-app/main/default/email/unfiled$public/aaRegApplicationConfirmation_1622393053589.email","","","","","Ikkje i main; sjekk org","","Ikkje undersøkt"
"2021-05-31T07:19:54+02:00","f9d0537ca49904aa44b5dd1e6681a6987d1b5413","Sletta","","force-app","EmailTemplate","unfiled$public/aaRegApplicationConfirmation_1622393053589","force-app/main/default/email/unfiled$public/aaRegApplicationConfirmation_1622393053589.email-meta.xml","","","","","Ikkje i main; sjekk org","","Ikkje undersøkt"
"2021-05-31T07:19:54+02:00","f9d0537ca49904aa44b5dd1e6681a6987d1b5413","Sletta","","force-app","Workflow","Application__c","force-app/main/default/workflows/Application__c.workflow-meta.xml","","","","","Komponenten finst i main (flytta/gjenoppretta/delvis sletta)","force-app/main/default/workflows/Application__c.workflow-meta.xml","Ikkje undersøkt"
"2021-05-30T21:09:40+02:00","c9840af9e38f52d5f53dfc1d908c2f6f3ae13a8d","Sletta","","force-app","FlexiPage","AAREG_CasehandlingRecordPage","force-app/main/default/flexipages/AAREG_CasehandlingRecordPage.flexipage-meta.xml","","","","","Ikkje i main; sjekk org","","Ikkje undersøkt"
"2021-05-30T21:09:40+02:00","c9840af9e38f52d5f53dfc1d908c2f6f3ae13a8d","Sletta","","force-app","FlexiPage","AgreementRecordPage","force-app/main/default/flexipages/AgreementRecordPage.flexipage-meta.xml","","","","","Ikkje i main; sjekk org","","Ikkje undersøkt"
"2021-05-30T21:09:40+02:00","c9840af9e38f52d5f53dfc1d908c2f6f3ae13a8d","Sletta","","force-app","FlexiPage","ApplicationRecordPage","force-app/main/default/flexipages/ApplicationRecordPage.flexipage-meta.xml","","","","","Ikkje i main; sjekk org","","Ikkje undersøkt"
"2021-05-30T21:09:40+02:00","c9840af9e38f52d5f53dfc1d908c2f6f3ae13a8d","Sletta","","force-app","Layout","Application__c-Application Layout","force-app/main/default/layouts/Application__c-Application Layout.layout-meta.xml","","","","","Ikkje i main; sjekk org","","Ikkje undersøkt"
"2021-05-30T21:09:40+02:00","c9840af9e38f52d5f53dfc1d908c2f6f3ae13a8d","Sletta","","force-app","PathAssistant","ArbeidsforholdApplicationPath","force-app/main/default/pathAssistants/ArbeidsforholdApplicationPath.pathAssistant-meta.xml","","","","","Ikkje i main; sjekk org","","Ikkje undersøkt"
"2021-05-26T18:20:57+02:00","832892549bab9f77223c265e1e975d0a0bae6fc1","Sletta","","force-app","FlexiPage","Home_Page_Default","force-app/main/default/flexipages/Home_Page_Default.flexipage-meta.xml","","","","","Ikkje i main; sjekk org","","Ikkje undersøkt"
"2021-05-26T18:20:57+02:00","832892549bab9f77223c265e1e975d0a0bae6fc1","Sletta","","force-app","ExperienceBundle","Aa_registret1","force-app/unpackagable/experiences/Aa_registret1/routes/nySKnadAaRegistret.json","","","","","Komponenten finst i main (flytta/gjenoppretta/delvis sletta)","force-app/unpackagable/experiences/Aa_registret1/brandingSets/buildYourOwn.json | force-app/unpackagable/experiences/Aa_registret1/config/aaRegistret.json | force-app/unpackagable/experiences/Aa_registret1/config/languages.json | force-app/unpackagable/experiences/Aa_registret1/config/loginAppPage.json | force-app/unpackagable/experiences/Aa_registret1/config/mainAppPage.json | force-app/unpackagable/experiences/Aa_registret1/config/nativeConfig.json | force-app/unpackagable/experiences/Aa_registret1/routes/agreementDetail.json | force-app/unpackagable/experiences/Aa_registret1/routes/agreementList.json | force-app/unpackagable/experiences/Aa_registret1/routes/agreementRelatedList.json | force-app/unpackagable/experiences/Aa_registret1/routes/applicationDetail.json | force-app/unpackagable/experiences/Aa_registret1/routes/applicationList.json | force-app/unpackagable/experiences/Aa_registret1/routes/applicationRelatedList.json | force-app/unpackagable/experiences/Aa_registret1/routes/checkPassword.json | force-app/unpackagable/experiences/Aa_registret1/routes/createRecord.json | force-app/unpackagable/experiences/Aa_registret1/routes/error.json | force-app/unpackagable/experiences/Aa_registret1/routes/forgotPassword.json | force-app/unpackagable/experiences/Aa_registret1/routes/home.json | force-app/unpackagable/experiences/Aa_registret1/routes/login.json | force-app/unpackagable/experiences/Aa_registret1/routes/loginError.json | force-app/unpackagable/experiences/Aa_registret1/routes/mineAvtaler.json | force-app/unpackagable/experiences/Aa_registret1/routes/mineMeldinger.json | force-app/unpackagable/experiences/Aa_registret1/routes/mineSøknader.json | force-app/unpackagable/experiences/Aa_registret1/routes/nyMelding.json | force-app/unpackagable/experiences/Aa_registret1/routes/nySøknadAaRegistret.json | force-app/unpackagable/experiences/Aa_registret1/routes/recordDetail.json | force-app/unpackagable/experiences/Aa_registret1/routes/recordList.json | force-app/unpackagable/experiences/Aa_registret1/routes/register.json | force-app/unpackagable/experiences/Aa_registret1/routes/relatedRecordList.json | force-app/unpackagable/experiences/Aa_registret1/routes/search.json | force-app/unpackagable/experiences/Aa_registret1/routes/serviceNotAvailable.json | force-app/unpackagable/experiences/Aa_registret1/routes/threadDetail.json | force-app/unpackagable/experiences/Aa_registret1/routes/threadList.json | force-app/unpackagable/experiences/Aa_registret1/routes/threadRelatedList.json | force-app/unpackagable/experiences/Aa_registret1/routes/tooManyRequests.json | force-app/unpackagable/experiences/Aa_registret1/themes/buildYourOwn.json | force-app/unpackagable/experiences/Aa_registret1/views/agreementDetail.json | force-app/unpackagable/experiences/Aa_registret1/views/agreementDetailFlex.json | force-app/unpackagable/experiences/Aa_registret1/views/agreementList.json | force-app/unpackagable/experiences/Aa_registret1/views/agreementRelatedList.json | force-app/unpackagable/experiences/Aa_registret1/views/applicationDetailFlex.json | force-app/unpackagable/experiences/Aa_registret1/views/applicationList.json | force-app/unpackagable/experiences/Aa_registret1/views/applicationRelatedList.json | force-app/unpackagable/experiences/Aa_registret1/views/checkPassword.json | force-app/unpackagable/experiences/Aa_registret1/views/createRecord.json | force-app/unpackagable/experiences/Aa_registret1/views/error.json | force-app/unpackagable/experiences/Aa_registret1/views/forgotPassword.json | force-app/unpackagable/experiences/Aa_registret1/views/home.json | force-app/unpackagable/experiences/Aa_registret1/views/login.json | force-app/unpackagable/experiences/Aa_registret1/views/loginError.json | force-app/unpackagable/experiences/Aa_registret1/views/mineAvtaler.json | force-app/unpackagable/experiences/Aa_registret1/views/mineMeldinger.json | force-app/unpackagable/experiences/Aa_registret1/views/mineSøknader.json | force-app/unpackagable/experiences/Aa_registret1/views/nyMelding.json | force-app/unpackagable/experiences/Aa_registret1/views/nySøknadAaRegistret.json | force-app/unpackagable/experiences/Aa_registret1/views/recordDetail.json | force-app/unpackagable/experiences/Aa_registret1/views/recordList.json | force-app/unpackagable/experiences/Aa_registret1/views/register.json | force-app/unpackagable/experiences/Aa_registret1/views/relatedRecordList.json | force-app/unpackagable/experiences/Aa_registret1/views/search.json | force-app/unpackagable/experiences/Aa_registret1/views/serviceNotAvailable.json | force-app/unpackagable/experiences/Aa_registret1/views/threadDetail.json | force-app/unpackagable/experiences/Aa_registret1/views/threadDetailFlex.json | force-app/unpackagable/experiences/Aa_registret1/views/threadList.json | force-app/unpackagable/experiences/Aa_registret1/views/threadRelatedList.json | force-app/unpackagable/experiences/Aa_registret1/views/tooManyRequests.json","Ikkje undersøkt"
"2021-05-26T18:20:57+02:00","832892549bab9f77223c265e1e975d0a0bae6fc1","Sletta","","force-app","ExperienceBundle","Aa_registret1","force-app/unpackagable/experiences/Aa_registret1/views/nySKnadAaRegistret.json","","","","","Komponenten finst i main (flytta/gjenoppretta/delvis sletta)","force-app/unpackagable/experiences/Aa_registret1/brandingSets/buildYourOwn.json | force-app/unpackagable/experiences/Aa_registret1/config/aaRegistret.json | force-app/unpackagable/experiences/Aa_registret1/config/languages.json | force-app/unpackagable/experiences/Aa_registret1/config/loginAppPage.json | force-app/unpackagable/experiences/Aa_registret1/config/mainAppPage.json | force-app/unpackagable/experiences/Aa_registret1/config/nativeConfig.json | force-app/unpackagable/experiences/Aa_registret1/routes/agreementDetail.json | force-app/unpackagable/experiences/Aa_registret1/routes/agreementList.json | force-app/unpackagable/experiences/Aa_registret1/routes/agreementRelatedList.json | force-app/unpackagable/experiences/Aa_registret1/routes/applicationDetail.json | force-app/unpackagable/experiences/Aa_registret1/routes/applicationList.json | force-app/unpackagable/experiences/Aa_registret1/routes/applicationRelatedList.json | force-app/unpackagable/experiences/Aa_registret1/routes/checkPassword.json | force-app/unpackagable/experiences/Aa_registret1/routes/createRecord.json | force-app/unpackagable/experiences/Aa_registret1/routes/error.json | force-app/unpackagable/experiences/Aa_registret1/routes/forgotPassword.json | force-app/unpackagable/experiences/Aa_registret1/routes/home.json | force-app/unpackagable/experiences/Aa_registret1/routes/login.json | force-app/unpackagable/experiences/Aa_registret1/routes/loginError.json | force-app/unpackagable/experiences/Aa_registret1/routes/mineAvtaler.json | force-app/unpackagable/experiences/Aa_registret1/routes/mineMeldinger.json | force-app/unpackagable/experiences/Aa_registret1/routes/mineSøknader.json | force-app/unpackagable/experiences/Aa_registret1/routes/nyMelding.json | force-app/unpackagable/experiences/Aa_registret1/routes/nySøknadAaRegistret.json | force-app/unpackagable/experiences/Aa_registret1/routes/recordDetail.json | force-app/unpackagable/experiences/Aa_registret1/routes/recordList.json | force-app/unpackagable/experiences/Aa_registret1/routes/register.json | force-app/unpackagable/experiences/Aa_registret1/routes/relatedRecordList.json | force-app/unpackagable/experiences/Aa_registret1/routes/search.json | force-app/unpackagable/experiences/Aa_registret1/routes/serviceNotAvailable.json | force-app/unpackagable/experiences/Aa_registret1/routes/threadDetail.json | force-app/unpackagable/experiences/Aa_registret1/routes/threadList.json | force-app/unpackagable/experiences/Aa_registret1/routes/threadRelatedList.json | force-app/unpackagable/experiences/Aa_registret1/routes/tooManyRequests.json | force-app/unpackagable/experiences/Aa_registret1/themes/buildYourOwn.json | force-app/unpackagable/experiences/Aa_registret1/views/agreementDetail.json | force-app/unpackagable/experiences/Aa_registret1/views/agreementDetailFlex.json | force-app/unpackagable/experiences/Aa_registret1/views/agreementList.json | force-app/unpackagable/experiences/Aa_registret1/views/agreementRelatedList.json | force-app/unpackagable/experiences/Aa_registret1/views/applicationDetailFlex.json | force-app/unpackagable/experiences/Aa_registret1/views/applicationList.json | force-app/unpackagable/experiences/Aa_registret1/views/applicationRelatedList.json | force-app/unpackagable/experiences/Aa_registret1/views/checkPassword.json | force-app/unpackagable/experiences/Aa_registret1/views/createRecord.json | force-app/unpackagable/experiences/Aa_registret1/views/error.json | force-app/unpackagable/experiences/Aa_registret1/views/forgotPassword.json | force-app/unpackagable/experiences/Aa_registret1/views/home.json | force-app/unpackagable/experiences/Aa_registret1/views/login.json | force-app/unpackagable/experiences/Aa_registret1/views/loginError.json | force-app/unpackagable/experiences/Aa_registret1/views/mineAvtaler.json | force-app/unpackagable/experiences/Aa_registret1/views/mineMeldinger.json | force-app/unpackagable/experiences/Aa_registret1/views/mineSøknader.json | force-app/unpackagable/experiences/Aa_registret1/views/nyMelding.json | force-app/unpackagable/experiences/Aa_registret1/views/nySøknadAaRegistret.json | force-app/unpackagable/experiences/Aa_registret1/views/recordDetail.json | force-app/unpackagable/experiences/Aa_registret1/views/recordList.json | force-app/unpackagable/experiences/Aa_registret1/views/register.json | force-app/unpackagable/experiences/Aa_registret1/views/relatedRecordList.json | force-app/unpackagable/experiences/Aa_registret1/views/search.json | force-app/unpackagable/experiences/Aa_registret1/views/serviceNotAvailable.json | force-app/unpackagable/experiences/Aa_registret1/views/threadDetail.json | force-app/unpackagable/experiences/Aa_registret1/views/threadDetailFlex.json | force-app/unpackagable/experiences/Aa_registret1/views/threadList.json | force-app/unpackagable/experiences/Aa_registret1/views/threadRelatedList.json | force-app/unpackagable/experiences/Aa_registret1/views/tooManyRequests.json","Ikkje undersøkt"
"2021-05-26T11:35:29+02:00","132d704bd4556dad52149727bd03010e7672aa8d","Sletta","","force-app","CustomField","ApplicationBasisCode__c.LegalBasisStateBusiness__c","force-app/main/default/objects/ApplicationBasisCode__c/fields/LegalBasisStateBusiness__c.field-meta.xml","","","","","Ikkje i main; sjekk org","","Ikkje undersøkt"
"2021-05-26T11:35:29+02:00","132d704bd4556dad52149727bd03010e7672aa8d","Sletta","","force-app","CustomField","ApplicationBasisCode__c.LegalBasisStateGeneral__c","force-app/main/default/objects/ApplicationBasisCode__c/fields/LegalBasisStateGeneral__c.field-meta.xml","","","","","Ikkje i main; sjekk org","","Ikkje undersøkt"
"2021-05-26T11:35:29+02:00","132d704bd4556dad52149727bd03010e7672aa8d","Sletta","","force-app","CustomField","ApplicationBasisCode__c.LegalBasisStateHealthAndSocial__c","force-app/main/default/objects/ApplicationBasisCode__c/fields/LegalBasisStateHealthAndSocial__c.field-meta.xml","","","","","Ikkje i main; sjekk org","","Ikkje undersøkt"
"2021-05-26T11:35:29+02:00","132d704bd4556dad52149727bd03010e7672aa8d","Sletta","","force-app","CustomField","ApplicationBasisCode__c.LegalBasisStateLegal__c","force-app/main/default/objects/ApplicationBasisCode__c/fields/LegalBasisStateLegal__c.field-meta.xml","","","","","Ikkje i main; sjekk org","","Ikkje undersøkt"
"2021-05-26T11:35:29+02:00","132d704bd4556dad52149727bd03010e7672aa8d","Sletta","","force-app","CustomField","ApplicationBasisCode__c.LegalBasisStateMilitary__c","force-app/main/default/objects/ApplicationBasisCode__c/fields/LegalBasisStateMilitary__c.field-meta.xml","","","","","Ikkje i main; sjekk org","","Ikkje undersøkt"
"2021-05-26T11:35:29+02:00","132d704bd4556dad52149727bd03010e7672aa8d","Sletta","","force-app","CustomField","ApplicationBasisCode__c.LegalBasisStateResearch__c","force-app/main/default/objects/ApplicationBasisCode__c/fields/LegalBasisStateResearch__c.field-meta.xml","","","","","Ikkje i main; sjekk org","","Ikkje undersøkt"
"2021-05-26T11:35:29+02:00","132d704bd4556dad52149727bd03010e7672aa8d","Sletta","","force-app","CustomField","ApplicationBasisCode__c.PurposeStateBusiness__c","force-app/main/default/objects/ApplicationBasisCode__c/fields/PurposeStateBusiness__c.field-meta.xml","","","","","Ikkje i main; sjekk org","","Ikkje undersøkt"
"2021-05-26T11:35:29+02:00","132d704bd4556dad52149727bd03010e7672aa8d","Sletta","","force-app","CustomField","ApplicationBasisCode__c.PurposeStateGeneral__c","force-app/main/default/objects/ApplicationBasisCode__c/fields/PurposeStateGeneral__c.field-meta.xml","","","","","Ikkje i main; sjekk org","","Ikkje undersøkt"
"2021-05-26T11:35:29+02:00","132d704bd4556dad52149727bd03010e7672aa8d","Sletta","","force-app","CustomField","ApplicationBasisCode__c.PurposeStateHealthAndSocial__c","force-app/main/default/objects/ApplicationBasisCode__c/fields/PurposeStateHealthAndSocial__c.field-meta.xml","","","","","Ikkje i main; sjekk org","","Ikkje undersøkt"
"2021-05-26T11:35:29+02:00","132d704bd4556dad52149727bd03010e7672aa8d","Sletta","","force-app","CustomField","ApplicationBasisCode__c.PurposeStateLegal__c","force-app/main/default/objects/ApplicationBasisCode__c/fields/PurposeStateLegal__c.field-meta.xml","","","","","Ikkje i main; sjekk org","","Ikkje undersøkt"
"2021-05-26T11:35:29+02:00","132d704bd4556dad52149727bd03010e7672aa8d","Sletta","","force-app","CustomField","ApplicationBasisCode__c.PurposeStateMilitary__c","force-app/main/default/objects/ApplicationBasisCode__c/fields/PurposeStateMilitary__c.field-meta.xml","","","","","Ikkje i main; sjekk org","","Ikkje undersøkt"
"2021-05-26T11:35:29+02:00","132d704bd4556dad52149727bd03010e7672aa8d","Sletta","","force-app","CustomField","ApplicationBasisCode__c.PurposeStateResearch__c","force-app/main/default/objects/ApplicationBasisCode__c/fields/PurposeStateResearch__c.field-meta.xml","","","","","Ikkje i main; sjekk org","","Ikkje undersøkt"
"2021-05-20T09:23:37+02:00","814c84ff47761a27d3425105e035b9f03ed6dccc","Flytta (same filnamn)","100","force-app","Dashboard","CompanyDashboards/gRzFZpdxEiaCoJStEunYuFQsBNpjbe","force-app/main/default/dashboards/CompanyDashboards/gRzFZpdxEiaCoJStEunYuFQsBNpjbe.dashboard-meta.xml","force-app/main/default/dashboards/AaregistretDashboards/gRzFZpdxEiaCoJStEunYuFQsBNpjbe.dashboard-meta.xml","Dashboard","AaregistretDashboards/gRzFZpdxEiaCoJStEunYuFQsBNpjbe","Git-heuristikk; ikkje API-verifisert","Ikkje i main; sjekk org","","Ikkje undersøkt"
"2021-05-19T13:29:49+02:00","f7c12d593f80ee338667389da2c6220a6d52a893","Sletta","","force-app","Layout","Account-Account Layout","force-app/main/default/layouts/Account-Account Layout.layout-meta.xml","","","","","Komponenten finst i main (flytta/gjenoppretta/delvis sletta)","force-app/main/default/layouts/Account-Account Layout.layout-meta.xml","Ikkje undersøkt"
"2021-05-19T13:29:49+02:00","f7c12d593f80ee338667389da2c6220a6d52a893","Sletta","","force-app","Translations","no","force-app/main/default/translations/no.translation-meta.xml","","","","","Komponenten finst i main (flytta/gjenoppretta/delvis sletta)","force-app/main/default/translations/no.translation-meta.xml","Ikkje undersøkt"
